title,price,original_price,discount,link,image_url,category,crawled_at
"맥심 화이트골드 커피믹스, 11.7g, 160개입, 1개",22500,22500,0,https://www.coupang.com/vp/products/4549542648?itemId=5519787375&vendorItemId=72819331904&sourceType=CAMPAIGN&campaignId=82&categoryId=0,https://thumbnail10.coupangcdn.com/thumbnails/remote/230x230ex/image/vendor_inventory/de46/765c771051d0512d71ee21c3b75d78683f76bc6018ef0fa37ab02eda2601.jpg,골드박스,2025-03-13 08:16:14
"피스코리아 평화 코팅 가위, 블랙, 2개",5330,8000,33,https://www.coupang.com/vp/products/35317775?itemId=130942632&vendorItemId=3275028101&sourceType=CAMPAIGN&campaignId=82&categoryId=0,https://thumbnail7.coupangcdn.com/thumbnails/remote/230x230ex/image/retail/images/984219520425525-1b2bd1a5-ec81-4c48-850d-9339336f7555.jpg,골드박스,2025-03-13 08:16:14
"하늘선물 미니 물티슈 휴대형, 20매 × 20팩, 20개, 20개입, 80g",8500,9500,10,https://www.coupang.com/vp/products/8590002910?itemId=306694248&vendorItemId=3756356877&sourceType=CAMPAIGN&campaignId=82&categoryId=0,https://thumbnail7.coupangcdn.com/thumbnails/remote/230x230ex/image/1025_amir_coupang_oct_80k/9cab/3ba0a4486004c3a51d7ced524f68eb5f5dd8c3cf4255b81c832a9031924d.jpg,골드박스,2025-03-13 08:16:14
"코멧 양면 무흠집 버블 스펀지 수세미 핑크, 10개입, 1개",6190,16000,61,https://www.coupang.com/vp/products/7180954892?itemId=18110930039&vendorItemId=85262568632&sourceType=CAMPAIGN&campaignId=82&categoryId=0,https://thumbnail7.coupangcdn.com/thumbnails/remote/230x230ex/image/1025_amir_coupang_oct_80k/3933/4624eb8ab8982b6dc80a53818e7e0957ff930170212235b00a5beb4ff49b.jpg,골드박스,2025-03-13 08:16:14
"더페이스샵 데일리 뷰티툴즈 프리미엄 면봉, 200개입, 1개",2250,3000,25,https://www.coupang.com/vp/products/6262280614?itemId=2977818016&vendorItemId=88353381975&sourceType=CAMPAIGN&campaignId=82&categoryId=0,https://thumbnail9.coupangcdn.com/thumbnails/remote/230x230ex/image/retail/images/2024/01/12/11/7/30f5b9a6-e01a-4b36-a093-d701e49b0412.jpg,골드박스,2025-03-13 08:16:14
"헤드앤숄더 두피 토탈 솔루션 딥 클린 샴푸, 1.2L, 1개",13240,13240,0,https://www.coupang.com/vp/products/1407366400?itemId=13947635119&vendorItemId=71731402309&sourceType=CAMPAIGN&campaignId=82&categoryId=0,https://thumbnail7.coupangcdn.com/thumbnails/remote/230x230ex/image/retail/images/708817399120828-4a666578-1027-45c6-a044-8284c175c7bf.jpg,골드박스,2025-03-13 08:16:14
"켈로그 크랜베리 아몬드 그래놀라, 550g, 1개",6350,9280,31,https://www.coupang.com/vp/products/6135468407?itemId=2247264370&vendorItemId=70244671568&sourceType=CAMPAIGN&campaignId=82&categoryId=0,https://thumbnail7.coupangcdn.com/thumbnails/remote/230x230ex/image/1025_amir_coupang_oct_80k/998f/c7a6c6047fd12cd7f410f225d3f4ef14582744653528bd06f653b9494697.jpg,골드박스,2025-03-13 08:16:14
"시크릿데이 입는 오버나이트 팬티형, 대형, 4개입, 5개",14900,49950,70,https://www.coupang.com/vp/products/8337903660?itemId=20316375818&vendorItemId=5282069365&sourceType=CAMPAIGN&campaignId=82&categoryId=0,https://thumbnail6.coupangcdn.com/thumbnails/remote/230x230ex/image/1025_amir_coupang_oct_80k/5018/e38c3c445a95efad5fa642ac0c73eba846a41fdaba5f5a6905a987bb6424.jpg,골드박스,2025-03-13 08:16:14
"덴프스 덴마크 유산균이야기, 30정, 2개",27300,102000,73,https://www.coupang.com/vp/products/6063894601?itemId=18741626520&vendorItemId=85873889893&sourceType=CAMPAIGN&campaignId=82&categoryId=0,https://thumbnail7.coupangcdn.com/thumbnails/remote/230x230ex/image/vendor_inventory/11e6/7eaf87025e5506068f7fc34c0f51394f11d8cc9c30bfd17e7f231d758ee0.jpg,골드박스,2025-03-13 08:16:14
"청우 첫맛 멸치육수 430g 잔치국수/우동/어묵/국물육수, 1kg, 1개",7900,13800,42,https://www.coupang.com/vp/products/6352727510?itemId=24771232776&vendorItemId=91779350564&sourceType=CAMPAIGN&campaignId=82&categoryId=0,https://thumbnail6.coupangcdn.com/thumbnails/remote/230x230ex/image/vendor_inventory/4331/5014323546570fb9034762dac8ad9234fdb67437c99031766829f1e41bf7.jpg,골드박스,2025-03-13 08:16:14
"페페브루노 아보카도 오일, 1L, 1개",20780,20780,0,https://www.coupang.com/vp/products/7140321311?itemId=17925512020&vendorItemId=86183804461&sourceType=CAMPAIGN&campaignId=82&categoryId=0,https://thumbnail7.coupangcdn.com/thumbnails/remote/230x230ex/image/vendor_inventory/4942/8c59df3ce274462e9b35b2627cd432cfdd39e925f5bbf99c4dee70b57789.jpg,골드박스,2025-03-13 08:16:14
"테팔 인덕션 티타늄 1X 스테인리스 스틸 트렌디쿡 프라이팬, 28cm, 1개",41900,109000,61,https://www.coupang.com/vp/products/8527026341?itemId=13943618577&vendorItemId=81192884825&sourceType=CAMPAIGN&campaignId=82&categoryId=0,https://thumbnail8.coupangcdn.com/thumbnails/remote/230x230ex/image/vendor_inventory/0e2e/3f7844fac7890a8c715ecd5de65b77488878dff4c95a4a90cd6a47a378f9.jpg,골드박스,2025-03-13 08:16:14
"슈퍼너츠 100% 땅콩 피넛버터 크런치, 460g, 1개",14400,16000,10,https://www.coupang.com/vp/products/6775809414?itemId=14490085035&vendorItemId=83128542418&sourceType=CAMPAIGN&campaignId=82&categoryId=0,https://thumbnail6.coupangcdn.com/thumbnails/remote/230x230ex/image/1025_amir_coupang_oct_80k/43ac/3ae29299781cbfbbba85c279372685556b8f05d3e1f2443ecccf6b7a5208.jpg,골드박스,2025-03-13 08:16:14
"대추방울토마토, 2kg, 1박스",18100,22100,18,https://www.coupang.com/vp/products/7623790443?itemId=20935195373&vendorItemId=88001760414&sourceType=CAMPAIGN&campaignId=82&categoryId=0,https://thumbnail10.coupangcdn.com/thumbnails/remote/230x230ex/image/retail/images/607273691256229-f02648ab-0501-45d4-acfd-b92e00fb03ea.jpg,골드박스,2025-03-13 08:16:14
"랩신 컬러체인징 포밍 핸드워시 포도향, 500ml, 1개",5420,7900,31,https://www.coupang.com/vp/products/7510807411?itemId=14280007113&vendorItemId=81525000559&sourceType=CAMPAIGN&campaignId=82&categoryId=0,https://thumbnail8.coupangcdn.com/thumbnails/remote/230x230ex/image/retail/images/122986497675862-ff5b23a4-fb62-4a5c-ab45-9eba0bb0c19a.png,골드박스,2025-03-13 08:16:14
"종근당건강 프로메가 오메가3 트리플 장용성, 60정, 2개",21260,39900,46,https://www.coupang.com/vp/products/6586372374?itemId=19081002442&vendorItemId=82081965656&sourceType=CAMPAIGN&campaignId=82&categoryId=0,https://thumbnail8.coupangcdn.com/thumbnails/remote/230x230ex/image/retail/images/1768081961943096-03d40bde-f66d-491c-b2a3-872e14efa899.jpg,골드박스,2025-03-13 08:16:14
"Apple 정품 20W USB-C 전원 어댑터 MUW13KH/A, 화이트, 1개",25890,28000,7,https://www.coupang.com/vp/products/2270230024?itemId=22170383583&vendorItemId=88946948908&sourceType=CAMPAIGN&campaignId=82&categoryId=0,https://thumbnail10.coupangcdn.com/thumbnails/remote/230x230ex/image/1025_amir_coupang_oct_80k/337c/6f9e8514fcfd9526e0eabab41c0ae0a2fa18aff939c9b55904b8805717dc.jpg,골드박스,2025-03-13 08:16:14
"안티노카세이피초 파르미지아노 레지아노 치즈, 150g, 1개",10060,10800,6,https://www.coupang.com/vp/products/166481485?itemId=476862360&vendorItemId=4196544380&sourceType=CAMPAIGN&campaignId=82&categoryId=0,https://thumbnail8.coupangcdn.com/thumbnails/remote/230x230ex/image/retail/images/2018/12/06/17/0/cf8bdec5-d480-45de-a18c-e7a5e00e3ba9.jpg,골드박스,2025-03-13 08:16:14
"곰곰 반숙란 50g (냉장), 30구, 1개",15690,19990,21,https://www.coupang.com/vp/products/1194639177?itemId=12500946743&vendorItemId=79769545123&sourceType=CAMPAIGN&campaignId=82&categoryId=0,https://thumbnail9.coupangcdn.com/thumbnails/remote/230x230ex/image/retail/images/194731616483997-7a5b31fb-b8ae-4d24-b581-794a616ac53b.jpg,골드박스,2025-03-13 08:16:14
"브리스틱 에르고 1단계 유아칫솔 세트, Mint + Lime + Grape + Mango + Raspberry, 5개입, 1세트",14650,20000,26,https://www.coupang.com/vp/products/6545000731?itemId=19077610762&vendorItemId=5589787568&sourceType=CAMPAIGN&campaignId=82&categoryId=0,https://thumbnail10.coupangcdn.com/thumbnails/remote/230x230ex/image/1025_amir_coupang_oct_80k/5820/06df8e45d537d10742883600b855cad3c64e517128ca667ebd3d1f18f795.jpg,골드박스,2025-03-13 08:16:14
"투코비 코마 삼각 그립 교정연필 B 36종세트 TC-P02, 혼합색상, 36개",9400,19600,52,https://www.coupang.com/vp/products/5227262668?itemId=7348925716&vendorItemId=74640147890&sourceType=CAMPAIGN&campaignId=82&categoryId=0,https://thumbnail6.coupangcdn.com/thumbnails/remote/230x230ex/image/retail/images/23906642326352-a4a3f827-f2be-4d06-bcac-08dea54f82ba.jpg,골드박스,2025-03-13 08:16:14
"마이비데 클린케어 화장실용 물티슈 캡형, 80개입, 8개",21460,24000,10,https://www.coupang.com/vp/products/6964996972?itemId=16969608474&vendorItemId=84146435125&sourceType=CAMPAIGN&campaignId=82&categoryId=0,https://thumbnail6.coupangcdn.com/thumbnails/remote/230x230ex/image/retail/images/2159668056056560-1ef8b218-ef11-4c97-9535-cce758569a8c.png,골드박스,2025-03-13 08:16:14
"광동옥수수수염차, 500ml, 24개",20900,25800,18,https://www.coupang.com/vp/products/8157281551?itemId=125818913&vendorItemId=4277951729&sourceType=CAMPAIGN&campaignId=82&categoryId=0,https://thumbnail8.coupangcdn.com/thumbnails/remote/230x230ex/image/retail/images/1836957395009425-96d866d6-4edd-464b-aa63-68dd5d5991a1.jpg,골드박스,2025-03-13 08:16:14
"맥심 화이트골드 커피믹스, 11.7g, 50개입, 1개",8750,8750,0,https://www.coupang.com/vp/products/7066609232?itemId=22963931440&vendorItemId=3002573373&sourceType=CAMPAIGN&campaignId=82&categoryId=0,https://thumbnail6.coupangcdn.com/thumbnails/remote/230x230ex/image/retail/images/1847866525307092-e849e520-111b-46af-a588-f4b34bfee47c.png,골드박스,2025-03-13 08:16:14
"목우촌 주부9단 비엔나 소시지, 450g, 1개",6820,7250,5,https://www.coupang.com/vp/products/2122002152?itemId=3641801425&vendorItemId=71627325411&sourceType=CAMPAIGN&campaignId=82&categoryId=0,https://thumbnail9.coupangcdn.com/thumbnails/remote/230x230ex/image/retail/images/2020/09/21/20/5/7e05cf69-d66a-40a5-8df8-42643e2b0831.jpg,골드박스,2025-03-13 08:16:14
"써지오 스위치 멀티탭 개별 5구 DH-1658-MT + 안전커버 2p, 1.2m, 1세트",14650,14650,0,https://www.coupang.com/vp/products/7046248254?itemId=40642481&vendorItemId=3061670928&sourceType=CAMPAIGN&campaignId=82&categoryId=0,https://thumbnail8.coupangcdn.com/thumbnails/remote/230x230ex/image/vendor_inventory/859a/d61877090a6e692d04e1f6ec54d84bc4732090562ce23df32aa6ed8be515.jpg,골드박스,2025-03-13 08:16:14
"YINTO 대용량 보조배터리 고속충전 30000mAh PD 22.5W QC3.0 잔량표시, 블렉, JM5",25910,119000,78,https://www.coupang.com/vp/products/8259885955?itemId=23793211704&vendorItemId=90817223688&sourceType=CAMPAIGN&campaignId=82&categoryId=0,https://thumbnail7.coupangcdn.com/thumbnails/remote/230x230ex/image/vendor_inventory/1b1b/4c9363086774b6571982608cfba66076a5daf99d0fc3f912b06b0e8aa0e8.jpg,골드박스,2025-03-13 08:16:14
"산리오캐릭터즈 12색 색연필+마르지마요 사인펜 세트, 파랑, 1세트",14900,14900,0,https://www.coupang.com/vp/products/8535222332?itemId=24707909119&vendorItemId=91717327474&sourceType=CAMPAIGN&campaignId=82&categoryId=0,https://thumbnail9.coupangcdn.com/thumbnails/remote/230x230ex/image/vendor_inventory/f748/fb3709e417acbf0c0f9f8d6196c15e12d512e2e79a7efe80be472792f4e5.jpg,골드박스,2025-03-13 08:16:14
"서울우유 슈레드 모짜렐라 치즈, 1kg, 1개",14900,14900,0,https://www.coupang.com/vp/products/130515366?itemId=651682277&vendorItemId=4691954862&sourceType=CAMPAIGN&campaignId=82&categoryId=0,https://thumbnail9.coupangcdn.com/thumbnails/remote/230x230ex/image/1025_amir_coupang_oct_80k/cc6a/09856dd2dc1a3dd6e337bc0fcb489f74b25cdf737b0275998cb67be61aaf.jpg,골드박스,2025-03-13 08:16:14
"코멧 막대걸레 + 물걸레 청소포 30매 2팩, 1세트",9990,14990,33,https://www.coupang.com/vp/products/5171607790?itemId=7136239580&vendorItemId=74428002110&sourceType=CAMPAIGN&campaignId=82&categoryId=0,https://thumbnail9.coupangcdn.com/thumbnails/remote/230x230ex/image/retail/images/3747183542440177-ac3a87df-f481-4019-9c8f-7e0f397f9d2d.jpg,골드박스,2025-03-13 08:16:14
"폰즈 클리어 훼이스 스파립앤아이 메이크업 리무버, 120ml, 1개",5660,9900,42,https://www.coupang.com/vp/products/106265?itemId=205447&vendorItemId=3000138986&sourceType=CAMPAIGN&campaignId=82&categoryId=0,https://thumbnail8.coupangcdn.com/thumbnails/remote/230x230ex/image/retail/images/4435924426347090-a4ba5e50-5ac3-432d-a809-3f331c180de0.jpg,골드박스,2025-03-13 08:16:14
"하우스클래스 자연주의 일회용 수세미, 그레이, 80개입, 2개",5900,7800,24,https://www.coupang.com/vp/products/8355778781?itemId=24143556509&vendorItemId=91162419771&sourceType=CAMPAIGN&campaignId=82&categoryId=0,https://thumbnail8.coupangcdn.com/thumbnails/remote/230x230ex/image/retail/images/726562869070792-c64a1c8d-0002-45fe-9453-05e117f0c8e1.jpg,골드박스,2025-03-13 08:16:14
"펩시 제로슈거 라임향, 355ml, 48개",30400,32400,6,https://www.coupang.com/vp/products/8563860391?itemId=17816747379&vendorItemId=86717791694&sourceType=CAMPAIGN&campaignId=82&categoryId=0,https://thumbnail10.coupangcdn.com/thumbnails/remote/230x230ex/image/1025_amir_coupang_oct_80k/3ece/11c2b6935a2ae9be251de518b95b0b573ef3363102cb094a9e0c78d9dad1.jpg,골드박스,2025-03-13 08:16:14
"좋은느낌 입는 오버나이트, 대형, 8개입, 2개",13220,27800,52,https://www.coupang.com/vp/products/6741356617?itemId=19545125153&vendorItemId=85480600400&sourceType=CAMPAIGN&campaignId=82&categoryId=0,https://thumbnail10.coupangcdn.com/thumbnails/remote/230x230ex/image/retail/images/63596756461891-f6c48bd8-925f-4247-bb19-95be1e68b764.jpg,골드박스,2025-03-13 08:16:14
"탐사 복사용지 80g, A4, 2500매",23190,34000,31,https://www.coupang.com/vp/products/33939970?itemId=126545710&vendorItemId=3260033119&sourceType=CAMPAIGN&campaignId=82&categoryId=0,https://thumbnail10.coupangcdn.com/thumbnails/remote/230x230ex/image/retail/images/411926193084684-53a8ccfb-09c5-494c-ae95-949697905d49.jpg,골드박스,2025-03-13 08:16:14
"코멧 사선컷팅 테이프 크리너 핸들 + 거치대 세트, 리필 10개, 1개",10990,15900,30,https://www.coupang.com/vp/products/1826916442?itemId=3108268741&vendorItemId=71096022964&sourceType=CAMPAIGN&campaignId=82&categoryId=0,https://thumbnail10.coupangcdn.com/thumbnails/remote/230x230ex/image/1025_amir_coupang_oct_80k/4ecc/a3c4d7e7af13a2e721339329cf891bae045cd03a3ccc8ae5ce4a9dea586e.jpg,골드박스,2025-03-13 08:16:14
"풀무원다논 그릭 달지않은 플레인 요거트, 90g, 16개",10590,12960,18,https://www.coupang.com/vp/products/1261683219?itemId=19225059882&vendorItemId=86341716285&sourceType=CAMPAIGN&campaignId=82&categoryId=0,https://thumbnail8.coupangcdn.com/thumbnails/remote/230x230ex/image/1025_amir_coupang_oct_80k/d4ad/b28018f3f1d55aa5f832fa9204c7c2dec48c0bba2eab4d15eeeb2a122277.jpg,골드박스,2025-03-13 08:16:14
"Apple 2023 에어팟 프로 2세대 USB-C 블루투스 이어폰, 화이트, MTJV3KH/A",309350,349000,11,https://www.coupang.com/vp/products/7608804797?itemId=20146298818&vendorItemId=87239403818&sourceType=CAMPAIGN&campaignId=82&categoryId=0,https://thumbnail7.coupangcdn.com/thumbnails/remote/230x230ex/image/1025_amir_coupang_oct_80k/d1f1/f1f3a30a9c39d78066ed3653f4c611a316a48cf5ae80887ee8939cfbce27.jpg,골드박스,2025-03-13 08:16:14
"탐사 파워워시 액체세제, 2.5L, 1개",3990,7990,50,https://www.coupang.com/vp/products/305732568?itemId=1083149189&vendorItemId=72804910926&sourceType=CAMPAIGN&campaignId=82&categoryId=0,https://thumbnail9.coupangcdn.com/thumbnails/remote/230x230ex/image/1025_amir_coupang_oct_80k/410c/06e0e8167128ab6111daae00449c6825936eb848a827c4d49266f11cf437.jpg,골드박스,2025-03-13 08:16:14
"코피코 커피맛 캔디, 800g, 1개",6980,6980,0,https://www.coupang.com/vp/products/14634062?itemId=60450793&vendorItemId=3094518911&sourceType=CAMPAIGN&campaignId=82&categoryId=0,https://thumbnail9.coupangcdn.com/thumbnails/remote/230x230ex/image/vendor_inventory/73d3/f1456c9aee27907b2d3aa25302c7fa7610368e9a79cad85d17f6dcc7b5a8.jpg,골드박스,2025-03-13 08:16:14
"부케가르니 퍼퓸드 샤쉐 소프트코튼 본품, 10g, 8개",8900,16000,44,https://www.coupang.com/vp/products/7656138367?itemId=20875357352&vendorItemId=82572122654&sourceType=CAMPAIGN&campaignId=82&categoryId=0,https://thumbnail9.coupangcdn.com/thumbnails/remote/230x230ex/image/retail/images/1069924903078848-5d766361-60ba-4e92-93b9-b67d24d34a35.jpg,골드박스,2025-03-13 08:16:14
"비비드키친 저당 오리엔탈 드레싱, 210g, 1개",3980,5970,33,https://www.coupang.com/vp/products/7295510220?itemId=18656054253&vendorItemId=85790784658&sourceType=CAMPAIGN&campaignId=82&categoryId=0,https://thumbnail7.coupangcdn.com/thumbnails/remote/230x230ex/image/retail/images/2023/04/25/17/1/395de04e-b0a5-45a0-9949-158dba888fb5.jpg,골드박스,2025-03-13 08:16:14
"해표 콩기름 식용유, 1.5L, 1개",5350,7500,28,https://www.coupang.com/vp/products/487322?itemId=41045&vendorItemId=3000014845&sourceType=CAMPAIGN&campaignId=82&categoryId=0,https://thumbnail6.coupangcdn.com/thumbnails/remote/230x230ex/image/retail/images/120390853915220-37acdc56-dc22-44c8-836f-e11c55a85fdb.jpg,골드박스,2025-03-13 08:16:14
"클룹 애사비소다 오리지널, 500ml, 24개",28710,72000,60,https://www.coupang.com/vp/products/8054602080?itemId=22696756889&vendorItemId=89732354095&sourceType=CAMPAIGN&campaignId=82&categoryId=0,https://thumbnail6.coupangcdn.com/thumbnails/remote/230x230ex/image/vendor_inventory/da9b/1ab799aae39842b475006c91e036f57a53d97b3c4879d74b4f2945721192.jpg,골드박스,2025-03-13 08:16:14
"롯데햄 알뜰 소시지, 500g, 1개",2530,2830,10,https://www.coupang.com/vp/products/8412642732?itemId=24325476883&vendorItemId=91341172712&sourceType=CAMPAIGN&campaignId=82&categoryId=0,https://thumbnail9.coupangcdn.com/thumbnails/remote/230x230ex/image/rs_quotation_api/hgzipvih/229c66bec33f4d37885bd763eaaa39ff.jpg,골드박스,2025-03-13 08:16:14
"코멧 홈 파워수압 필터 샤워기 본품 + 필터 2개입, 1개, 실버",8790,10000,12,https://www.coupang.com/vp/products/7178787283?itemId=18101284961&vendorItemId=85253394509&sourceType=CAMPAIGN&campaignId=82&categoryId=0,https://thumbnail7.coupangcdn.com/thumbnails/remote/230x230ex/image/retail/images/2503748766576084-08b80611-aea6-447f-8691-13170a564fa7.jpg,골드박스,2025-03-13 08:16:14
"마이쮸 필로우 포도 사과 츄잉캔디, 720g, 1개",7880,12000,34,https://www.coupang.com/vp/products/6174381681?itemId=12075132632&vendorItemId=4518717225&sourceType=CAMPAIGN&campaignId=82&categoryId=0,https://thumbnail10.coupangcdn.com/thumbnails/remote/230x230ex/image/retail/images/300157559191955-3ef65530-41ff-4e48-8d6b-56addf850878.jpg,골드박스,2025-03-13 08:16:14
"ipTIME 유무선 공유기, A604SR, 1개",25400,25900,1,https://www.coupang.com/vp/products/6848341813?itemId=24915072273&vendorItemId=91921459365&sourceType=CAMPAIGN&campaignId=82&categoryId=0,https://thumbnail7.coupangcdn.com/thumbnails/remote/230x230ex/image/retail/images/2025/02/11/9/8/2e5067f1-bd62-4fb4-8231-dcc4526611e3.jpg,골드박스,2025-03-13 08:16:14
"서울우유 더진한 순수 플레인 요거트, 2.45L, 2개",16660,17350,3,https://www.coupang.com/vp/products/296352196?itemId=19225412069&vendorItemId=86342060272&sourceType=CAMPAIGN&campaignId=82&categoryId=0,https://thumbnail6.coupangcdn.com/thumbnails/remote/230x230ex/image/retail/images/2692362802277168-fa6df7c3-027e-44e5-ba01-19e80ad61bdc.jpg,골드박스,2025-03-13 08:16:14
"밀크바오밥 바디워시 베이비파우더 향, 1L, 1개",13000,16900,23,https://www.coupang.com/vp/products/241327306?itemId=767290345&vendorItemId=4936450548&sourceType=CAMPAIGN&campaignId=82&categoryId=0,https://thumbnail9.coupangcdn.com/thumbnails/remote/230x230ex/image/retail/images/333378900563367-cff6e2cb-0905-4026-8b21-be97d0ef3f91.jpg,골드박스,2025-03-13 08:16:14
"라운드랩 1025 독도 클렌저 클렌징 폼, 150ml, 1개",8110,13000,37,https://www.coupang.com/vp/products/1556632809?itemId=2109195427&vendorItemId=76738589724&sourceType=CAMPAIGN&campaignId=82&categoryId=0,https://thumbnail8.coupangcdn.com/thumbnails/remote/230x230ex/image/vendor_inventory/acec/8ee1ef612fce7a6564c261d7e814ce16ca7944a04a1ba4a647046978b24f.jpg,골드박스,2025-03-13 08:16:14
"시스맥스 EL책꽂이 3단, WHITE",6690,10000,33,https://www.coupang.com/vp/products/285490495?itemId=905592525&vendorItemId=5268750632&sourceType=CAMPAIGN&campaignId=82&categoryId=0,https://thumbnail8.coupangcdn.com/thumbnails/remote/230x230ex/image/retail/images/79365515320776-c443bb97-54c3-4915-93b9-acc2c836636a.jpg,골드박스,2025-03-13 08:16:14
"웅진빅토리아 더 빅토리아 플레인 탄산수, 500ml, 20개",11540,20000,42,https://www.coupang.com/vp/products/7107842144?itemId=17759961303&vendorItemId=3008867464&sourceType=CAMPAIGN&campaignId=82&categoryId=0,https://thumbnail8.coupangcdn.com/thumbnails/remote/230x230ex/image/1025_amir_coupang_oct_80k/e549/f08adff32d07619eec4befc1e1f81d88ebceaa5a57ceec7b20577963ffa9.jpg,골드박스,2025-03-13 08:16:14
"HDC영창 리코더 소프라노 저먼식 HYRS-23, 1개",8000,8000,0,https://www.coupang.com/vp/products/7333917068?itemId=18834456844&vendorItemId=90238808715&sourceType=CAMPAIGN&campaignId=82&categoryId=0,https://thumbnail6.coupangcdn.com/thumbnails/remote/230x230ex/image/vendor_inventory/b8d2/0d70093de57fe488320e0bc0954f6aeba14a798f4e20f215d33ce9971800.jpg,골드박스,2025-03-13 08:16:14
"오레오오즈 시리얼, 500g, 2개",13100,13820,5,https://www.coupang.com/vp/products/193435167?itemId=17905517437&vendorItemId=85068263196&sourceType=CAMPAIGN&campaignId=82&categoryId=0,https://thumbnail10.coupangcdn.com/thumbnails/remote/230x230ex/image/1025_amir_coupang_oct_80k/54a8/faf42321b8b7d10aa3cfb4dbdab3d93048f168ea86294d493651630eb4ec.jpg,골드박스,2025-03-13 08:16:14
"미쟝센 올 뉴 쉽고 빠른 거품 염색제, 2N흑색, 1개",10690,16000,33,https://www.coupang.com/vp/products/8582731683?itemId=22818287239&vendorItemId=88396476403&sourceType=CAMPAIGN&campaignId=82&categoryId=0,https://thumbnail10.coupangcdn.com/thumbnails/remote/230x230ex/image/1025_amir_coupang_oct_80k/e6fd/36ad1e2f961403f941ac9e9bf1c7ff903c6d980de6568a6e13a47e80593a.jpg,골드박스,2025-03-13 08:16:14
"오뚜기 열라면 120g, 40개",21400,31640,32,https://www.coupang.com/vp/products/6930792814?itemId=42897124&vendorItemId=3066896620&sourceType=CAMPAIGN&campaignId=82&categoryId=0,https://thumbnail10.coupangcdn.com/thumbnails/remote/230x230ex/image/retail/images/2437720497202936-3b3e1403-d52a-4dd5-b307-ab9644491060.jpg,골드박스,2025-03-13 08:16:14
"백설 고소함 가득 참기름, 500ml, 2개",13160,29900,55,https://www.coupang.com/vp/products/8341519573?itemId=21143783632&vendorItemId=85072689244&sourceType=CAMPAIGN&campaignId=82&categoryId=0,https://thumbnail6.coupangcdn.com/thumbnails/remote/230x230ex/image/retail/images/1320171078428348-f0558328-cf09-46dd-8fe2-31f5f302c211.png,골드박스,2025-03-13 08:16:14
베이스알파에센셜 남성용 프리미엄 스포츠 커버 양말 10켤레,9490,15820,40,https://www.coupang.com/vp/products/234431816?itemId=744532237&vendorItemId=4879296392&sourceType=CAMPAIGN&campaignId=82&categoryId=0,https://thumbnail8.coupangcdn.com/thumbnails/remote/230x230ex/image/retail/images/5828637879199-c5743b1f-0c28-45a2-bdc6-2b3f3b4f1085.jpg,골드박스,2025-03-13 08:16:14
"안성탕면 125g, 20개",12720,13490,5,https://www.coupang.com/vp/products/96571?itemId=21684599869&vendorItemId=70039618766&sourceType=CAMPAIGN&campaignId=82&categoryId=0,https://thumbnail10.coupangcdn.com/thumbnails/remote/230x230ex/image/retail/images/709424574454759-d791d952-ca04-4a6d-89a7-478154d13034.jpg,골드박스,2025-03-13 08:16:14
"비비고 사골곰탕, 500g, 6개",6720,10080,33,https://www.coupang.com/vp/products/7527803282?itemId=264019244&vendorItemId=91164580282&sourceType=CAMPAIGN&campaignId=82&categoryId=194176,https://thumbnail8.coupangcdn.com/thumbnails/remote/230x230ex/image/vendor_inventory/6f8b/2b5763051c23c69d24fbe011c47209d024ef222c78c987018893bd8b3587.jpg,일반,2025-03-13 08:16:21
"당진해나루 2024년산 햅쌀 삼광미 완전미, 특등급, 10kg, 1개",31900,33900,5,https://www.coupang.com/vp/products/7728061077?itemId=20758827685&vendorItemId=87829037139&sourceType=CAMPAIGN&campaignId=82&categoryId=194176,https://thumbnail8.coupangcdn.com/thumbnails/remote/230x230ex/image/retail/images/2023/11/20/11/1/5521b33e-10e8-4ea3-bf9d-444ce1ef52a5.png,일반,2025-03-13 08:16:21
"가농 무항생제 1+등급 초란, 30구, 1개",11800,14900,20,https://www.coupang.com/vp/products/129939903?itemId=7620833092&vendorItemId=74911311428&sourceType=CAMPAIGN&campaignId=82&categoryId=194176,https://thumbnail9.coupangcdn.com/thumbnails/remote/230x230ex/image/retail/images/636501528925414-5a2c53d0-f6fe-441c-a615-9e3cd96ce690.jpg,일반,2025-03-13 08:16:21
"일리 볼드 로스트 캡슐커피, 140.7g, 21개입, 1개",13500,15000,10,https://www.coupang.com/vp/products/7486132137?itemId=20407631796&vendorItemId=3000195302&sourceType=CAMPAIGN&campaignId=82&categoryId=194176,https://thumbnail9.coupangcdn.com/thumbnails/remote/230x230ex/image/retail/images/43903717961606-a77261af-97df-4b32-8f79-b8fb1957807c.jpg,일반,2025-03-13 08:16:21
"웅진빅토리아 더 빅토리아 레몬, 500ml, 20개",11540,20000,42,https://www.coupang.com/vp/products/193894?itemId=20879766959&vendorItemId=3000262449&sourceType=CAMPAIGN&campaignId=82&categoryId=194176,https://thumbnail8.coupangcdn.com/thumbnails/remote/230x230ex/image/1025_amir_coupang_oct_80k/9d52/f8f92890331749f80e3aa5d63ab041336ec1a954f94ba27476e32a3c42e4.jpg,일반,2025-03-13 08:16:21
"캐빈디쉬앤하비 후르티 믹스 셀렉션 병캔디, 966g, 1개",12120,13080,7,https://www.coupang.com/vp/products/7865366069?itemId=21473046156&vendorItemId=4557436357&sourceType=CAMPAIGN&campaignId=82&categoryId=194176,https://thumbnail7.coupangcdn.com/thumbnails/remote/230x230ex/image/1025_amir_coupang_oct_80k/660d/b03877228272163f8bad0bf67c7e7e07c52c280e53a0967c7af64efb1ff3.jpg,일반,2025-03-13 08:16:21
"목우촌 다리두배 닭볶음탕 (냉장), 1.2kg, 1개",7940,11990,33,https://www.coupang.com/vp/products/5077126547?itemId=6882155226&vendorItemId=74174758824&sourceType=CAMPAIGN&campaignId=82&categoryId=194176,https://thumbnail7.coupangcdn.com/thumbnails/remote/230x230ex/image/retail/images/104610837436771-3cc61d1f-74a6-43f1-a61e-9e979137b3b8.jpg,일반,2025-03-13 08:16:21
"원농산 당도선별 신고배 2입, 1kg, 1개",9090,9990,9,https://www.coupang.com/vp/products/7575541268?itemId=24342097588&vendorItemId=91357579807&sourceType=CAMPAIGN&campaignId=82&categoryId=194176,https://thumbnail9.coupangcdn.com/thumbnails/remote/230x230ex/image/rs_quotation_api/eclz47ab/7f4d76e783bf4e118dadbb6eea9c71f2.jpg,일반,2025-03-13 08:16:21
"포카리스웨트, 340ml, 40개",28400,28400,0,https://www.coupang.com/vp/products/8544933292?itemId=548226098&vendorItemId=85072693047&sourceType=CAMPAIGN&campaignId=82&categoryId=194176,https://thumbnail9.coupangcdn.com/thumbnails/remote/230x230ex/image/retail/images/1065216930007366-572acf7e-0b19-4a7c-a1c6-09556dd09a5c.jpg,일반,2025-03-13 08:16:21
"닥터유 한입쏙 단백질바, 380g, 1개",11400,12260,7,https://www.coupang.com/vp/products/8059510869?itemId=20215060008&vendorItemId=70281398857&sourceType=CAMPAIGN&campaignId=82&categoryId=194176,https://thumbnail6.coupangcdn.com/thumbnails/remote/230x230ex/image/1025_amir_coupang_oct_80k/2f59/2d13f1f7826e0dc9bd70c4899572cf58aaa4f7429eeb6b476ad8d80ae7d3.jpg,일반,2025-03-13 08:16:21
"풀무원 유기농 인증 숙주, 300g, 1개",2100,2100,0,https://www.coupang.com/vp/products/5891262368?itemId=10360414396&vendorItemId=77642566176&pickType=COU_PICK&sourceType=CAMPAIGN&campaignId=82&categoryId=194176,https://thumbnail8.coupangcdn.com/thumbnails/remote/230x230ex/image/retail/images/348501341774265-0de2a81d-a51c-4d13-98ed-ca43bf82f79f.jpg,일반,2025-03-13 08:16:21
"카누 마일드 로스트 아메리카노 미니 원두커피믹스, 0.9g, 90개입, 2개, 900mg",39610,39610,0,https://www.coupang.com/vp/products/8245789579?itemId=24631853633&vendorItemId=85320847773&sourceType=CAMPAIGN&campaignId=82&categoryId=194176,https://thumbnail9.coupangcdn.com/thumbnails/remote/230x230ex/image/vendor_inventory/362f/fe28c2204b780e607d7438b7718db359da6c82543edb22393c0bc922829b.jpg,일반,2025-03-13 08:16:21
"락토핏 골드 80포, 160g, 3개",48800,85500,42,https://www.coupang.com/vp/products/7458810098?itemId=19378973001&vendorItemId=4635121437&sourceType=CAMPAIGN&campaignId=82&categoryId=194176,https://thumbnail6.coupangcdn.com/thumbnails/remote/230x230ex/image/1025_amir_coupang_oct_80k/68b4/d835c3cb043d25624571d3edc0c27f8b348ffce42f9828e8b1149d3aa3ea.jpg,일반,2025-03-13 08:16:21
"왕뚜껑 컵라면 110g, 18개",16710,17640,5,https://www.coupang.com/vp/products/6225007107?itemId=12478479761&vendorItemId=3001028450&sourceType=CAMPAIGN&campaignId=82&categoryId=194176,https://thumbnail6.coupangcdn.com/thumbnails/remote/230x230ex/image/1025_amir_coupang_oct_80k/a359/601c81eaf874de38adb9d36222af8cb10e4fd61fa0236bbe780acf39c35c.jpg,일반,2025-03-13 08:16:21
"국내산 당귀잎, 100g, 1개",5980,5980,0,https://www.coupang.com/vp/products/5717901843?itemId=9555046877&vendorItemId=76839695649&sourceType=CAMPAIGN&campaignId=82&categoryId=194176,https://thumbnail6.coupangcdn.com/thumbnails/remote/230x230ex/image/retail/images/1108934705170075-d92cdd1a-8fe9-44e0-91a6-3d9237a41897.jpg,일반,2025-03-13 08:16:21
"오뚜기3분 카레 약간매운맛, 200g, 6개",6280,11880,47,https://www.coupang.com/vp/products/6640662550?itemId=18170756673&vendorItemId=85320140302&sourceType=CAMPAIGN&campaignId=82&categoryId=194176,https://thumbnail9.coupangcdn.com/thumbnails/remote/230x230ex/image/vendor_inventory/0011/e82a8c427c195e2c030dd81dc19c5933d25fadf4d4d6061893395e903aa5.jpg,일반,2025-03-13 08:16:21
"이롬 황성주 박사의 국산콩 두유 검은콩 고칼슘, 190ml, 20개",11360,48000,76,https://www.coupang.com/vp/products/1553274762?itemId=2656849353&vendorItemId=70647580846&sourceType=CAMPAIGN&campaignId=82&categoryId=194176,https://thumbnail7.coupangcdn.com/thumbnails/remote/230x230ex/image/retail/images/1767317006101333-3bd0c0ef-5d05-42b3-9d68-91248d8eab91.jpg,일반,2025-03-13 08:16:21
"하림 치킨너겟 (냉동), 1.2kg, 1개",12750,13300,4,https://www.coupang.com/vp/products/4567751809?itemId=5575412259&vendorItemId=72874737915&pickType=COU_PICK&sourceType=CAMPAIGN&campaignId=82&categoryId=194176,https://thumbnail8.coupangcdn.com/thumbnails/remote/230x230ex/image/retail/images/546750085453568-d23c9e92-f008-4e63-b84b-7ea9d220d04a.jpg,일반,2025-03-13 08:16:21
"탐사수 무라벨, 2L, 24개",12690,19960,36,https://www.coupang.com/vp/products/5625704601?itemId=11696984031&vendorItemId=79548063314&sourceType=CAMPAIGN&campaignId=82&categoryId=194176,https://thumbnail9.coupangcdn.com/thumbnails/remote/230x230ex/image/retail/images/7609662521933713-0d7870de-5716-43c5-a3f5-22f7a34f3a43.jpg,일반,2025-03-13 08:16:21
"CJ씨푸드 한입사각유부초밥, 400g, 1개",5320,6680,20,https://www.coupang.com/vp/products/1357080183?itemId=2387737238&vendorItemId=70383108958&sourceType=CAMPAIGN&campaignId=82&categoryId=194176,https://thumbnail9.coupangcdn.com/thumbnails/remote/230x230ex/image/1025_amir_coupang_oct_80k/0192/75d5dd045b4c547d820f2a8a248f26eff5c92c208da1daa90e8222f75f14.jpg,일반,2025-03-13 08:16:21
"풀무원 실의 힘 매일아침 순생나또 12개입, 594g, 1개",10900,11100,1,https://www.coupang.com/vp/products/8008856818?itemId=3176075952&vendorItemId=71163549390&sourceType=CAMPAIGN&campaignId=82&categoryId=194176,https://thumbnail10.coupangcdn.com/thumbnails/remote/230x230ex/image/retail/images/104244584654187-977c1cce-b6ad-404d-b8c3-3127a4302dd0.jpg,일반,2025-03-13 08:16:21
"도드람 한돈 1등급 삼겹살 구이용 (냉장), 1kg, 1개",27090,38000,28,https://www.coupang.com/vp/products/188172341?itemId=537362338&vendorItemId=4403158550&sourceType=CAMPAIGN&campaignId=82&categoryId=194176,https://thumbnail8.coupangcdn.com/thumbnails/remote/230x230ex/image/retail/images/602413140104663-a4757e49-8d90-4005-91ab-a95618c2dfe7.jpg,일반,2025-03-13 08:16:21
"서울우유 1급A우유, 3L, 1개",7930,9100,12,https://www.coupang.com/vp/products/130180913?itemId=7459798706&vendorItemId=74750783515&sourceType=CAMPAIGN&campaignId=82&categoryId=194176,https://thumbnail6.coupangcdn.com/thumbnails/remote/230x230ex/image/retail/images/4269019830792275-bbbb4c39-2c58-4c52-b447-27e5b77af1ad.jpg,일반,2025-03-13 08:16:21
"햇님마을 양념이 잘 어우러지는 국산 고춧가루 보통매운맛, 1개, 110g",6900,6900,0,https://www.coupang.com/vp/products/8481145163?itemId=22081543335&vendorItemId=3009605778&sourceType=CAMPAIGN&campaignId=82&categoryId=194176,https://thumbnail7.coupangcdn.com/thumbnails/remote/230x230ex/image/retail/images/1384943299102063-37cf827e-a6e3-4d2c-a223-9e3cd6229557.jpg,일반,2025-03-13 08:16:21
"신라면 건면 97g, 5개",4780,4780,0,https://www.coupang.com/vp/products/6593842604?itemId=14889525831&vendorItemId=70176779167&sourceType=CAMPAIGN&campaignId=82&categoryId=194176,https://thumbnail7.coupangcdn.com/thumbnails/remote/230x230ex/image/retail/images/2271488877513491-079761d2-9f38-4f20-9f6a-7a12398dec10.jpg,일반,2025-03-13 08:16:21
"제주삼다수, 500ml, 60개",28800,28800,0,https://www.coupang.com/vp/products/8157269417?itemId=19084886271&vendorItemId=86469813989&sourceType=CAMPAIGN&campaignId=82&categoryId=194176,https://thumbnail10.coupangcdn.com/thumbnails/remote/230x230ex/image/1025_amir_coupang_oct_80k/b147/74d6e51ba26b0fad6ac2dfd6b9af886556743d4043d55436528fc753cd0f.jpg,일반,2025-03-13 08:16:21
"오뚜기옛날 자른당면, 1kg, 1개",9630,10650,9,https://www.coupang.com/vp/products/1020665?itemId=1052869&vendorItemId=3000997351&sourceType=CAMPAIGN&campaignId=82&categoryId=194176,https://thumbnail7.coupangcdn.com/thumbnails/remote/230x230ex/image/1025_amir_coupang_oct_80k/eb67/1f6ab28a285cc98c84773f601dde1f7c95bdddf7bfee28e800a06e0d3687.jpg,일반,2025-03-13 08:16:21
"곰곰 무항생제 신선한 특란, 30구, 1개",10100,10100,0,https://www.coupang.com/vp/products/1271113288?itemId=2275793934&vendorItemId=70272921457&sourceType=CAMPAIGN&campaignId=82&categoryId=194176,https://thumbnail8.coupangcdn.com/thumbnails/remote/230x230ex/image/retail/images/338669665322720-4c27cf14-bd16-4419-88a3-09148c440962.jpg,일반,2025-03-13 08:16:21
"올품 닭볶음탕용 닭고기 (냉장), 1kg, 1팩",7890,7890,0,https://www.coupang.com/vp/products/4591098403?itemId=5645768630&vendorItemId=72944769731&sourceType=CAMPAIGN&campaignId=82&categoryId=194176,https://thumbnail9.coupangcdn.com/thumbnails/remote/230x230ex/image/retail/images/363412377265421-63432af4-6fa3-4dae-8958-6109e5bcc74d.jpg,일반,2025-03-13 08:16:21
"닭다리살 (정육) (냉장), 1개, 600g",10980,10980,0,https://www.coupang.com/vp/products/8509474533?itemId=24630651117&vendorItemId=91641682852&sourceType=CAMPAIGN&campaignId=82&categoryId=194176,https://thumbnail6.coupangcdn.com/thumbnails/remote/230x230ex/image/retail/images/1931394966201215-8ece8486-ea2d-4a65-b89e-1640b64f8b2d.jpg,일반,2025-03-13 08:16:21
"풀무원 백색 김밥 단무지, 310g, 1개",2980,2980,0,https://www.coupang.com/vp/products/7525352908?itemId=19746092470&vendorItemId=86849692423&sourceType=CAMPAIGN&campaignId=82&categoryId=194176,https://thumbnail10.coupangcdn.com/thumbnails/remote/230x230ex/image/retail/images/794727357901901-b8f9bb05-9481-4244-a445-b8d081d8efae.jpg,일반,2025-03-13 08:16:21
"빙그레 바나나맛우유 240ml x 4개입 + 딸기맛 우유 240ml x 4개입 세트, 1세트",9700,11870,18,https://www.coupang.com/vp/products/7329515987?itemId=18814610843&vendorItemId=85945093949&sourceType=CAMPAIGN&campaignId=82&categoryId=194176,https://thumbnail8.coupangcdn.com/thumbnails/remote/230x230ex/image/retail/images/1607087137795016-f34c86c3-c2d1-441d-a599-1450f69f631c.jpg,일반,2025-03-13 08:16:21
"오뚜기 옛날 자른 미역, 20g, 1개",1280,1330,3,https://www.coupang.com/vp/products/1008978?itemId=16303912130&vendorItemId=87832352041&sourceType=CAMPAIGN&campaignId=82&categoryId=194176,https://thumbnail6.coupangcdn.com/thumbnails/remote/230x230ex/image/1025_amir_coupang_oct_80k/32cb/be763f1ad95cc0caad9298cb3abba5386b46ffca4cad2e758670fb4f4578.jpg,일반,2025-03-13 08:16:21
"아리당찬 비파괴 당도선별 샤인머스켓, 2kg, 1개",15800,16500,4,https://www.coupang.com/vp/products/7252156162?itemId=19723686071&vendorItemId=86827773763&sourceType=CAMPAIGN&campaignId=82&categoryId=194176,https://thumbnail8.coupangcdn.com/thumbnails/remote/230x230ex/image/rs_quotation_api/hahcws1r/623e9ab7ae134abc939bcf248a1b8695.jpg,일반,2025-03-13 08:16:21
"곰곰 농협 보물초 남해 시금치, 250g, 1봉",4580,4580,0,https://www.coupang.com/vp/products/6187928298?itemId=12195155081&vendorItemId=79466212552&sourceType=CAMPAIGN&campaignId=82&categoryId=194176,https://thumbnail8.coupangcdn.com/thumbnails/remote/230x230ex/image/retail/images/7108098741060901-bb42851f-723c-423e-8343-14f1da0b1786.jpg,일반,2025-03-13 08:16:21
"비비고 진한 김치만두 (냉동), 400g, 2개",7980,9980,20,https://www.coupang.com/vp/products/8555915655?itemId=24776143414&vendorItemId=91784172768&sourceType=CAMPAIGN&campaignId=82&categoryId=194176,https://thumbnail10.coupangcdn.com/thumbnails/remote/230x230ex/image/rs_quotation_api/d3xs2e5j/498a30738cd84b1faf7cbca024e8c4b4.JPG,일반,2025-03-13 08:16:21
"유정마을 유기농 인증 방사 유정란 1번란 520g, 10구, 1개",8800,8800,0,https://www.coupang.com/vp/products/8274874850?itemId=23851663438&vendorItemId=90875046801&sourceType=CAMPAIGN&campaignId=82&categoryId=194176,https://thumbnail8.coupangcdn.com/thumbnails/remote/230x230ex/image/rs_quotation_api/5yy9ynri/1b4810bc3291499bbd83c33a5b1493fe.jpg,일반,2025-03-13 08:16:21
"프레시 채소믹스, 1kg, 1개",9980,9980,0,https://www.coupang.com/vp/products/4917479866?itemId=19883229072&vendorItemId=86983690182&sourceType=CAMPAIGN&campaignId=82&categoryId=194176,https://thumbnail10.coupangcdn.com/thumbnails/remote/230x230ex/image/1025_amir_coupang_oct_80k/c39a/b29df70bfbdbc61a0a5e4dd26d8c35c0cd5022682451a754caf2cd463bc6.jpg,일반,2025-03-13 08:16:21
"본죽 메추리알 장조림, 1kg, 1개",8720,10900,20,https://www.coupang.com/vp/products/7562803483?itemId=19928600720&vendorItemId=87028187078&sourceType=CAMPAIGN&campaignId=82&categoryId=194176,https://thumbnail8.coupangcdn.com/thumbnails/remote/230x230ex/image/rs_quotation_api/t5recubz/b128abbe8d7a4a278a6e2fb3148376d8.jpg,일반,2025-03-13 08:16:21
"농심 새우탕 큰사발 컵라면 115g, 16개",15380,16390,6,https://www.coupang.com/vp/products/4015263?itemId=22996860&vendorItemId=3059533778&sourceType=CAMPAIGN&campaignId=82&categoryId=194176,https://thumbnail7.coupangcdn.com/thumbnails/remote/230x230ex/image/1025_amir_coupang_oct_80k/5996/f854091acc360a08c792b7deb39592a6a3a76960aeb3d5eb5a01ef222cff.jpg,일반,2025-03-13 08:16:21
"국내산 고수, 100g, 1개",3790,4980,23,https://www.coupang.com/vp/products/4697180468?itemId=9379993457&vendorItemId=78502836211&sourceType=CAMPAIGN&campaignId=82&categoryId=194176,https://thumbnail8.coupangcdn.com/thumbnails/remote/230x230ex/image/1025_amir_coupang_oct_80k/5b2c/66a0be51d4e7683a3f65d921ca97bd0de9844fe0e3d949dc15d49789a8e6.jpg,일반,2025-03-13 08:16:21
"해저식품 광천해저 뿌려먹는 김가루, 1개, 70g",3500,3680,4,https://www.coupang.com/vp/products/8329446497?itemId=24047421341&vendorItemId=91067466996&sourceType=CAMPAIGN&campaignId=82&categoryId=194176,https://thumbnail7.coupangcdn.com/thumbnails/remote/230x230ex/image/rs_quotation_api/86ekzlcv/4dcb5386ed164cccaa86ca446bad67aa.jpg,일반,2025-03-13 08:16:21
"스프라이트 사이다, 190ml, 30개",13900,14130,1,https://www.coupang.com/vp/products/5508494779?itemId=21320412620&vendorItemId=88378289056&sourceType=CAMPAIGN&campaignId=82&categoryId=194176,https://thumbnail9.coupangcdn.com/thumbnails/remote/230x230ex/image/retail/images/134000389375583-551965fa-1752-4bf9-805d-2373716db468.jpg,일반,2025-03-13 08:16:21
"한끼통살 그릴드 닭가슴살 100g x 5종 x 2p 세트 (냉동), 10개",22100,24900,11,https://www.coupang.com/vp/products/6497434597?itemId=14289924180&vendorItemId=81534852735&sourceType=CAMPAIGN&campaignId=82&categoryId=194176,https://thumbnail10.coupangcdn.com/thumbnails/remote/230x230ex/image/retail/images/602226240065259-7c379d1e-8aba-4a6e-9793-4c8954901bd3.jpg,일반,2025-03-13 08:16:21
"청정원 카레여왕 구운마늘&양파, 108g, 2개",7360,10960,32,https://www.coupang.com/vp/products/6659184716?itemId=19565482633&vendorItemId=86673363098&sourceType=CAMPAIGN&campaignId=82&categoryId=194176,https://thumbnail7.coupangcdn.com/thumbnails/remote/230x230ex/image/1025_amir_coupang_oct_80k/fb23/411976f6b731aee132b2e238542313b5d16ed44690c0a1008412f871751e.jpg,일반,2025-03-13 08:16:21
"오뚜기 진라면 순한맛, 10개",6410,6690,4,https://www.coupang.com/vp/products/5587102353?itemId=18922411511&vendorItemId=85193369885&sourceType=CAMPAIGN&campaignId=82&categoryId=194176,https://thumbnail10.coupangcdn.com/thumbnails/remote/230x230ex/image/vendor_inventory/1963/ce93f05b983595b7cba24104d5d7a1d9692a561758b0f5aa330214f9cbdd.jpg,일반,2025-03-13 08:16:21
"오뚜기 허니머스타드, 535g, 1개",4910,5180,5,https://www.coupang.com/vp/products/7851779712?itemId=17397531265&vendorItemId=84566989271&sourceType=CAMPAIGN&campaignId=82&categoryId=194176,https://thumbnail9.coupangcdn.com/thumbnails/remote/230x230ex/image/1025_amir_coupang_oct_80k/41ea/6605a0fce985c3b8e1ffc185f706aeb041d191102dfe091dec9a490519d2.jpg,일반,2025-03-13 08:16:21
"다향오리 1등급 훈제 오리 슬라이스, 600g, 2개",22480,27440,18,https://www.coupang.com/vp/products/156688977?itemId=19224731547&vendorItemId=86341401184&sourceType=CAMPAIGN&campaignId=82&categoryId=194176,https://thumbnail6.coupangcdn.com/thumbnails/remote/230x230ex/image/1025_amir_coupang_oct_80k/af2e/e077c3f2afdb649a2ec6bef5ca3f2660272920efe2df0ff99f640dc235c2.jpg,일반,2025-03-13 08:16:21
"비비고 우리아이 한입 백김치, 270g, 1개",3900,4300,9,https://www.coupang.com/vp/products/8300057535?itemId=23943274734&vendorItemId=90965101041&sourceType=CAMPAIGN&campaignId=82&categoryId=194176,https://thumbnail7.coupangcdn.com/thumbnails/remote/230x230ex/image/1025_amir_coupang_oct_80k/7bb0/ffe52ceb01240da7eaddda124f1aa80c7a3c4cf36952f875de6f65f3b54a.jpg,일반,2025-03-13 08:16:21
"맛젤 참다래 그린키위, 1kg, 1개",6580,8840,25,https://www.coupang.com/vp/products/343962320?itemId=1092758870&vendorItemId=5608832147&sourceType=CAMPAIGN&campaignId=82&categoryId=194176,https://thumbnail10.coupangcdn.com/thumbnails/remote/230x230ex/image/retail/images/1134783487740960-038680b6-87e2-41a5-9268-899b3ba22962.jpg,일반,2025-03-13 08:16:21
"고메 오리지널 핫도그 5개입 (냉동), 400g, 2개",10050,13960,28,https://www.coupang.com/vp/products/6226421884?itemId=23883946563&vendorItemId=90906789865&sourceType=CAMPAIGN&campaignId=82&categoryId=194176,https://thumbnail8.coupangcdn.com/thumbnails/remote/230x230ex/image/1025_amir_coupang_oct_80k/7399/9e59cf631e37815f0d19aca961d2e71d879a7b63211e7362025160840a9e.jpg,일반,2025-03-13 08:16:21
"꿀고구마, 700g, 1개",4990,4990,0,https://www.coupang.com/vp/products/6006314977?itemId=10886061630&vendorItemId=78165944514&sourceType=CAMPAIGN&campaignId=82&categoryId=194176,https://thumbnail9.coupangcdn.com/thumbnails/remote/230x230ex/image/retail/images/1304268877433-56cede61-d739-40d5-8cd8-b16319889cdc.jpg,일반,2025-03-13 08:16:21
"큐원 하얀 설탕, 15kg, 1개",22700,23530,3,https://www.coupang.com/vp/products/7139315300?itemId=16584760&vendorItemId=3005825349&sourceType=CAMPAIGN&campaignId=82&categoryId=194176,https://thumbnail6.coupangcdn.com/thumbnails/remote/230x230ex/image/retail/images/297139095290024-b3f2237a-80a7-4402-9f65-3f4e2e4c74b3.jpg,일반,2025-03-13 08:16:21
"곰곰 한돈 삼겹살 구이용 (냉장), 600g, 1개",13790,20900,34,https://www.coupang.com/vp/products/2123555127?itemId=14842723188&vendorItemId=82081965151&sourceType=CAMPAIGN&campaignId=82&categoryId=194176,https://thumbnail7.coupangcdn.com/thumbnails/remote/230x230ex/image/retail/images/1149619104908448-9ee1ecdd-7f3f-4029-be28-96bdefb752a3.jpg,일반,2025-03-13 08:16:21
"콘푸로스트 다크초코 시리얼, 550g, 1개",5680,6980,18,https://www.coupang.com/vp/products/8131259838?itemId=23091855765&vendorItemId=90125277250&sourceType=CAMPAIGN&campaignId=82&categoryId=194176,https://thumbnail9.coupangcdn.com/thumbnails/remote/230x230ex/image/vendor_inventory/b459/753a9eb1bf39c1fa02f8637a1e132b4b1bf51f29dc58218e15622615508c.jpg,일반,2025-03-13 08:16:21
"청정원 이탈리아 정통 스파게티, 500g, 2개",5080,6720,24,https://www.coupang.com/vp/products/6444836231?itemId=19492096&vendorItemId=85320856065&sourceType=CAMPAIGN&campaignId=82&categoryId=194176,https://thumbnail6.coupangcdn.com/thumbnails/remote/230x230ex/image/retail/images/146005456305014-2fefdfb0-d8bf-4331-9f0e-18ecc2cb1b5e.png,일반,2025-03-13 08:16:21
"CJ 비비고 사골곰탕, 500g, 10개",10600,16800,36,https://www.coupang.com/vp/products/7527803282?itemId=17810609965&vendorItemId=91979290553&sourceType=CAMPAIGN&campaignId=82&categoryId=194176,https://thumbnail6.coupangcdn.com/thumbnails/remote/230x230ex/image/retail/images/c2f67113-a0fa-4beb-93c4-cbb5fbc0f69a7671688361372296540.png,일반,2025-03-13 08:16:21
"영길팜 당도선별 샤인머스캣, 500g, 1개",6130,7610,19,https://www.coupang.com/vp/products/8176118277?itemId=23364968159&vendorItemId=90395323583&sourceType=CAMPAIGN&campaignId=82&categoryId=194176,https://thumbnail9.coupangcdn.com/thumbnails/remote/230x230ex/image/rs_quotation_api/wakvmj7s/d13341cd595f4ce9a19ca5b58465bb5a.jpg,일반,2025-03-13 08:16:21
"코카콜라 제로 캔, 490ml, 24개",20300,34950,41,https://www.coupang.com/vp/products/8157285927?itemId=23653028364&vendorItemId=91290813166&sourceType=CAMPAIGN&campaignId=82&categoryId=194176,https://thumbnail7.coupangcdn.com/thumbnails/remote/230x230ex/image/retail/images/2434239314335419-f7777d45-f3c9-4edc-bbbd-1b12e6149ef2.jpg,일반,2025-03-13 08:16:21
"카누 더블샷 라떼 스틱 커피, 13.5g, 50개입, 1개",15450,17960,13,https://www.coupang.com/vp/products/6360346521?itemId=18631787038&vendorItemId=4234790356&sourceType=CAMPAIGN&campaignId=82&categoryId=194176,https://thumbnail7.coupangcdn.com/thumbnails/remote/230x230ex/image/retail/images/43945441686102-60fc659c-b046-4916-87fb-c8382e1ee620.jpg,일반,2025-03-13 08:16:21
"프렌치카페 카페믹스 마일드, 11.1g, 210개입, 1개",26040,30450,14,https://www.coupang.com/vp/products/6694512657?itemId=14324214493&vendorItemId=86904591492&sourceType=CAMPAIGN&campaignId=82&categoryId=194176,https://thumbnail6.coupangcdn.com/thumbnails/remote/230x230ex/image/vendor_inventory/6e82/b0a0e8c88382643ea217d9bcf3eebbc7bc8144c5dc9f5a3f738a1e2b9b5e.jpg,일반,2025-03-13 08:16:32
"오넛티 땅콩버터 오리지널 100%, 230g, 1개",11900,13900,14,https://www.coupang.com/vp/products/7778832349?itemId=20091834686&vendorItemId=81295547922&sourceType=CAMPAIGN&campaignId=82&categoryId=194176,https://thumbnail9.coupangcdn.com/thumbnails/remote/230x230ex/image/retail/images/130209964701469-cb5639fe-3dc8-483c-b341-494d84552fd1.jpg,일반,2025-03-13 08:16:32
"가족 고당도 13brix 감귤 로열과, 1kg(로열과), 1개",14900,14900,0,https://www.coupang.com/vp/products/7670145290?itemId=20708700241&vendorItemId=87779810565&sourceType=CAMPAIGN&campaignId=82&categoryId=194176,https://thumbnail9.coupangcdn.com/thumbnails/remote/230x230ex/image/rs_quotation_api/gpxcewdw/6dbb8f297983449bb936a559bb8864b6.jpg,일반,2025-03-13 08:16:32
"WHOLELIFE 유기농 레몬즙 14p, 280g, 1개",6340,19900,68,https://www.coupang.com/vp/products/8087904288?itemId=23798778776&vendorItemId=90822727624&sourceType=CAMPAIGN&campaignId=82&categoryId=194176,https://thumbnail10.coupangcdn.com/thumbnails/remote/230x230ex/image/vendor_inventory/7df3/e1f2e1abf119afb6e5ab0ee011b5bb0ad4096331e924a9159db908311dbd.jpg,일반,2025-03-13 08:16:32
"오뚜기 골드 마요네즈, 500g, 1개",4540,5060,10,https://www.coupang.com/vp/products/7677600227?itemId=19758437451&vendorItemId=3000044039&sourceType=CAMPAIGN&campaignId=82&categoryId=194176,https://thumbnail6.coupangcdn.com/thumbnails/remote/230x230ex/image/retail/images/551652899022813-3c7aed40-b2f2-4eeb-a10e-2030acab6566.jpg,일반,2025-03-13 08:16:32
"오뚜기 진라면 컵 매운맛 65g, 12개",8060,10200,20,https://www.coupang.com/vp/products/3833856?itemId=648569380&vendorItemId=84993756565&sourceType=CAMPAIGN&campaignId=82&categoryId=194176,https://thumbnail10.coupangcdn.com/thumbnails/remote/230x230ex/image/1025_amir_coupang_oct_80k/3e55/13ec9c4685878ea65031a122a7c7839e381f4acc340aab7ac943b039d4a3.jpg,일반,2025-03-13 08:16:32
"도드람한돈 1등급 등심 카레용 (냉장), 300g, 1개",6780,6780,0,https://www.coupang.com/vp/products/162409973?itemId=18240908641&vendorItemId=85387864457&sourceType=CAMPAIGN&campaignId=82&categoryId=194176,https://thumbnail7.coupangcdn.com/thumbnails/remote/230x230ex/image/retail/images/1308267616964376-b671f7b7-61ca-4786-9f67-0b236076ab3d.jpg,일반,2025-03-13 08:16:32
"삼양라면 120g, 10개",7100,7100,0,https://www.coupang.com/vp/products/7460637047?itemId=20016461988&vendorItemId=84994379967&sourceType=CAMPAIGN&campaignId=82&categoryId=194176,https://thumbnail10.coupangcdn.com/thumbnails/remote/230x230ex/image/vendor_inventory/d8c4/ed938afd77e9d8d53b425e15ffc122288ede28ee90ba99b3e2a94fb046e8.jpg,일반,2025-03-13 08:16:32
"못생겨도 맛있는 표고버섯, 300g, 1개",3790,3790,0,https://www.coupang.com/vp/products/8134992698?itemId=23107121870&vendorItemId=90140404234&sourceType=CAMPAIGN&campaignId=82&categoryId=194176,https://thumbnail7.coupangcdn.com/thumbnails/remote/230x230ex/image/retail/images/22507852849109-2b523e83-703a-4ff6-a4f8-1d37e388cd11.jpg,일반,2025-03-13 08:16:32
"비비드키친 저칼로리 스윗칠리소스, 320g, 1개",3610,4100,11,https://www.coupang.com/vp/products/8288596569?itemId=24327706859&vendorItemId=91343363575&sourceType=CAMPAIGN&campaignId=82&categoryId=194176,https://thumbnail10.coupangcdn.com/thumbnails/remote/230x230ex/image/vendor_inventory/8cf8/e45562db40f2eb23af15d12dae527522a58659927ce1c939d1e6084aae68.jpg,일반,2025-03-13 08:16:32
"데이즈온 원데이 알파시클로덱스트린 14p, 42g, 2개",31260,50000,37,https://www.coupang.com/vp/products/8592396367?itemId=24855215591&vendorItemId=91509909669&sourceType=CAMPAIGN&campaignId=82&categoryId=194176,https://thumbnail7.coupangcdn.com/thumbnails/remote/230x230ex/image/retail/images/b952c371-4bed-4044-b2e0-0ff6245ab9967861117421063576942.png,일반,2025-03-13 08:16:32
"해표 콩기름 식용유, 900ml, 1개",4450,5200,14,https://www.coupang.com/vp/products/487322?itemId=21364582514&vendorItemId=3000014844&sourceType=CAMPAIGN&campaignId=82&categoryId=194176,https://thumbnail8.coupangcdn.com/thumbnails/remote/230x230ex/image/retail/images/120828531986692-48070c77-aba7-4e97-931d-98eb5132460a.jpg,일반,2025-03-13 08:16:32
"곰곰 대추방울 토마토, 2kg, 1개",18100,22100,18,https://www.coupang.com/vp/products/7665795956?itemId=18529457059&vendorItemId=87991288979&sourceType=CAMPAIGN&campaignId=82&categoryId=194176,https://thumbnail8.coupangcdn.com/thumbnails/remote/230x230ex/image/retail/images/5399994035114890-84e8e38a-207b-48b8-bd43-ae3d73663e77.jpg,일반,2025-03-13 08:16:32
"탐사 아쿠아 스파클링 레몬, 20개, 500ml",8990,13600,33,https://www.coupang.com/vp/products/7419943135?itemId=19245297066&vendorItemId=86361417329&sourceType=CAMPAIGN&campaignId=82&categoryId=194176,https://thumbnail8.coupangcdn.com/thumbnails/remote/230x230ex/image/1025_amir_coupang_oct_80k/387d/90a8629d12ca8605d68ca35f3348ee47173929b2db7e362867b7cac854d7.jpg,일반,2025-03-13 08:16:32
"농심 짜파게티 범벅 미니 컵라면 70g, 12개",10000,10000,0,https://www.coupang.com/vp/products/8244031658?itemId=7239631&vendorItemId=84993760282&sourceType=CAMPAIGN&campaignId=82&categoryId=194176,https://thumbnail7.coupangcdn.com/thumbnails/remote/230x230ex/image/retail/images/1852329065549010-d46e4d19-d8e7-4ce1-a060-ce698059969e.jpg,일반,2025-03-13 08:16:32
"몽베스트 생수, 330ml, 60개",15700,19200,18,https://www.coupang.com/vp/products/4683535861?itemId=19116128694&vendorItemId=86433745541&sourceType=CAMPAIGN&campaignId=82&categoryId=194176,https://thumbnail7.coupangcdn.com/thumbnails/remote/230x230ex/image/vendor_inventory/207a/25233963e2924b69f52df0b44ae8887501e47cd5c2376ca2fa988589781e.jpg,일반,2025-03-13 08:16:32
"청정원순창 재래식 생된장, 1kg, 1개",4770,6030,20,https://www.coupang.com/vp/products/8254864471?itemId=15065970548&vendorItemId=3000138235&sourceType=CAMPAIGN&campaignId=82&categoryId=194176,https://thumbnail10.coupangcdn.com/thumbnails/remote/230x230ex/image/retail/images/2159890893912475-9fdb6f43-7cf5-499d-a3d3-67032c27430e.png,일반,2025-03-13 08:16:32
"새우깡 매운새우깡, 400g, 1개",4550,4550,0,https://www.coupang.com/vp/products/1342896754?itemId=397613654&vendorItemId=3000104793&sourceType=CAMPAIGN&campaignId=82&categoryId=194176,https://thumbnail7.coupangcdn.com/thumbnails/remote/230x230ex/image/1025_amir_coupang_oct_80k/f0b0/a335cb335b259979d6dbb81526782c49ac0a0435b01e08efe3f7b4c60e80.jpg,일반,2025-03-13 08:16:32
"맥심 화이트골드 커피믹스, 11.7g, 160개입, 1개",22500,22500,0,https://www.coupang.com/vp/products/4549542648?itemId=5519787375&vendorItemId=72819331904&sourceType=CAMPAIGN&campaignId=82&categoryId=194176,https://thumbnail10.coupangcdn.com/thumbnails/remote/230x230ex/image/vendor_inventory/de46/765c771051d0512d71ee21c3b75d78683f76bc6018ef0fa37ab02eda2601.jpg,일반,2025-03-13 08:16:32
"후르트텔라 요구르트향, 590g, 1개",8030,8030,0,https://www.coupang.com/vp/products/7519155645?itemId=6510285573&vendorItemId=3000239616&sourceType=CAMPAIGN&campaignId=82&categoryId=194176,https://thumbnail6.coupangcdn.com/thumbnails/remote/230x230ex/image/retail/images/1827773836942851-729730da-b893-4762-b83d-61dab60278ac.jpg,일반,2025-03-13 08:16:32
"햇반 발아현미밥, 210g, 16개",18290,33360,45,https://www.coupang.com/vp/products/8107798642?itemId=359434051&vendorItemId=86533286268&sourceType=CAMPAIGN&campaignId=82&categoryId=194176,https://thumbnail6.coupangcdn.com/thumbnails/remote/230x230ex/image/1025_amir_coupang_oct_80k/7081/6682bd666dd7a60886119e083da73e8d3bdf43a476b68aded030880b9311.jpg,일반,2025-03-13 08:16:32
"맥심 슈프림 골드 커피믹스, 13.5g, 170개입, 1개",29100,30060,3,https://www.coupang.com/vp/products/6441315972?itemId=13944568409&vendorItemId=77663109963&sourceType=CAMPAIGN&campaignId=82&categoryId=194176,https://thumbnail8.coupangcdn.com/thumbnails/remote/230x230ex/image/vendor_inventory/5b89/dbb6527a90ee42890a49c51294888e85bb78bba79f20b400e4ea517c7e95.jpg,일반,2025-03-13 08:16:32
"마켓오네이처 오 그래놀라 맛있는 저당 시리얼, 360g, 1개",6980,6980,0,https://www.coupang.com/vp/products/8562175754?itemId=24666769439&vendorItemId=91737670170&sourceType=CAMPAIGN&campaignId=82&categoryId=194176,https://thumbnail10.coupangcdn.com/thumbnails/remote/230x230ex/image/retail/images/2354516547933866-e53b6000-fac7-4357-bb65-bb7dd12d1a61.png,일반,2025-03-13 08:16:32
"비비드키친 저칼로리 치킨양념소스, 320g, 1개",3780,4100,7,https://www.coupang.com/vp/products/8413329981?itemId=24327706860&vendorItemId=91343363576&sourceType=CAMPAIGN&campaignId=82&categoryId=194176,https://thumbnail10.coupangcdn.com/thumbnails/remote/230x230ex/image/vendor_inventory/ea0b/65e3fb7daf951cc9e49c6a0d3fe315cff5d16d97d5a70a4a0afd5170ba37.jpg,일반,2025-03-13 08:16:32
"햇반 백미밥, 210g, 6개",6030,8480,28,https://www.coupang.com/vp/products/4549409721?itemId=5519440125&vendorItemId=72818983790&sourceType=CAMPAIGN&campaignId=82&categoryId=194176,https://thumbnail6.coupangcdn.com/thumbnails/remote/230x230ex/image/vendor_inventory/a671/a20cf0cf678e382e3503b66d05050ef3c0d05f95855738fe483a851e3692.jpg,일반,2025-03-13 08:16:32
"석수 무라벨, 500ml, 60개",13000,13310,2,https://www.coupang.com/vp/products/5408677138?itemId=15605938564&vendorItemId=86495569294&sourceType=CAMPAIGN&campaignId=82&categoryId=194176,https://thumbnail6.coupangcdn.com/thumbnails/remote/230x230ex/image/1025_amir_coupang_oct_80k/852d/e4c5e5de82d251ddbf3cf1469d6f5f3af48aa806e8637cf4a4962ef0e938.jpg,일반,2025-03-13 08:16:32
"덴프스 덴마크 유산균이야기, 30정, 2개",27300,102000,73,https://www.coupang.com/vp/products/6063894601?itemId=18741626520&vendorItemId=85873889893&sourceType=CAMPAIGN&campaignId=82&categoryId=194176,https://thumbnail7.coupangcdn.com/thumbnails/remote/230x230ex/image/vendor_inventory/11e6/7eaf87025e5506068f7fc34c0f51394f11d8cc9c30bfd17e7f231d758ee0.jpg,일반,2025-03-13 08:16:32
"청우 첫맛 멸치육수 430g 잔치국수/우동/어묵/국물육수, 1kg, 1개",7900,13800,42,https://www.coupang.com/vp/products/6352727510?itemId=24771232776&vendorItemId=91779350564&sourceType=CAMPAIGN&campaignId=82&categoryId=194176,https://thumbnail6.coupangcdn.com/thumbnails/remote/230x230ex/image/vendor_inventory/4331/5014323546570fb9034762dac8ad9234fdb67437c99031766829f1e41bf7.jpg,일반,2025-03-13 08:16:32
"델몬트 골드파인, 545g, 1개",7790,7990,2,https://www.coupang.com/vp/products/6486490867?itemId=14221259187&vendorItemId=81466621148&sourceType=CAMPAIGN&campaignId=82&categoryId=194176,https://thumbnail7.coupangcdn.com/thumbnails/remote/230x230ex/image/retail/images/4527406611773583-a4f9f183-df4f-481f-bc8f-76258c0ea7d2.jpg,일반,2025-03-13 08:16:32
"켈로그 리얼 그래놀라 오리지널 시리얼, 400g, 2개",10340,19360,46,https://www.coupang.com/vp/products/7012375223?itemId=18824707272&vendorItemId=84994377357&sourceType=CAMPAIGN&campaignId=82&categoryId=194176,https://thumbnail10.coupangcdn.com/thumbnails/remote/230x230ex/image/retail/images/396690449399909-7c1e3936-fa4c-4a0d-9eb1-b43ef77fa842.png,일반,2025-03-13 08:16:32
"몬스터에너지 울트라, 355ml, 24개입",32490,33950,4,https://www.coupang.com/vp/products/8185071426?itemId=21686786&vendorItemId=3031645211&sourceType=CAMPAIGN&campaignId=82&categoryId=194176,https://thumbnail10.coupangcdn.com/thumbnails/remote/230x230ex/image/retail/images/171386130734209-9f766858-2779-4538-aad5-594694d6b160.jpg,일반,2025-03-13 08:16:32
"슈퍼너츠 100% 땅콩 피넛버터 크런치, 460g, 1개",14400,16000,10,https://www.coupang.com/vp/products/6775809414?itemId=14490085035&vendorItemId=83128542418&sourceType=CAMPAIGN&campaignId=82&categoryId=194176,https://thumbnail6.coupangcdn.com/thumbnails/remote/230x230ex/image/1025_amir_coupang_oct_80k/43ac/3ae29299781cbfbbba85c279372685556b8f05d3e1f2443ecccf6b7a5208.jpg,일반,2025-03-13 08:16:32
"대추방울토마토, 2kg, 1박스",18100,22100,18,https://www.coupang.com/vp/products/7623790443?itemId=20935195373&vendorItemId=88001760414&sourceType=CAMPAIGN&campaignId=82&categoryId=194176,https://thumbnail10.coupangcdn.com/thumbnails/remote/230x230ex/image/retail/images/607273691256229-f02648ab-0501-45d4-acfd-b92e00fb03ea.jpg,일반,2025-03-13 08:16:32
"종근당건강 프로메가 오메가3 트리플 장용성, 60정, 2개",21260,39900,46,https://www.coupang.com/vp/products/6586372374?itemId=19081002442&vendorItemId=82081965656&sourceType=CAMPAIGN&campaignId=82&categoryId=194176,https://thumbnail8.coupangcdn.com/thumbnails/remote/230x230ex/image/retail/images/1768081961943096-03d40bde-f66d-491c-b2a3-872e14efa899.jpg,일반,2025-03-13 08:16:32
"풀무원 동물복지 목초란, 25구, 1개",15900,15900,0,https://www.coupang.com/vp/products/7030336116?itemId=17347859867&vendorItemId=84518247221&sourceType=CAMPAIGN&campaignId=82&categoryId=194176,https://thumbnail10.coupangcdn.com/thumbnails/remote/230x230ex/image/retail/images/1537373784733742-6d4529af-8e7a-4829-b1c4-7a352a1e64dc.jpg,일반,2025-03-13 08:16:32
"안티노카세이피초 파르미지아노 레지아노 치즈, 150g, 1개",10060,10800,6,https://www.coupang.com/vp/products/166481485?itemId=476862360&vendorItemId=4196544380&sourceType=CAMPAIGN&campaignId=82&categoryId=194176,https://thumbnail8.coupangcdn.com/thumbnails/remote/230x230ex/image/retail/images/2018/12/06/17/0/cf8bdec5-d480-45de-a18c-e7a5e00e3ba9.jpg,일반,2025-03-13 08:16:32
"곰곰 반숙란 50g (냉장), 30구, 1개",15690,19990,21,https://www.coupang.com/vp/products/1194639177?itemId=12500946743&vendorItemId=79769545123&sourceType=CAMPAIGN&campaignId=82&categoryId=194176,https://thumbnail9.coupangcdn.com/thumbnails/remote/230x230ex/image/retail/images/194731616483997-7a5b31fb-b8ae-4d24-b581-794a616ac53b.jpg,일반,2025-03-13 08:16:32
"광식이농장 GAP 인증 칵테일토마토, 750g, 1팩",5990,9980,39,https://www.coupang.com/vp/products/7799735542?itemId=21121407125&vendorItemId=88183207311&sourceType=CAMPAIGN&campaignId=82&categoryId=194176,https://thumbnail7.coupangcdn.com/thumbnails/remote/230x230ex/image/rs_quotation_api/fpicm2je/00ce66fb0910428f9811cded129d8b24.jpg,일반,2025-03-13 08:16:32
"광동옥수수수염차, 500ml, 24개",20900,25800,18,https://www.coupang.com/vp/products/8157281551?itemId=125818913&vendorItemId=4277951729&sourceType=CAMPAIGN&campaignId=82&categoryId=194176,https://thumbnail8.coupangcdn.com/thumbnails/remote/230x230ex/image/retail/images/1836957395009425-96d866d6-4edd-464b-aa63-68dd5d5991a1.jpg,일반,2025-03-13 08:16:32
"목우촌 주부9단 비엔나 소시지, 450g, 1개",6820,7250,5,https://www.coupang.com/vp/products/2122002152?itemId=3641801425&vendorItemId=71627325411&sourceType=CAMPAIGN&campaignId=82&categoryId=194176,https://thumbnail9.coupangcdn.com/thumbnails/remote/230x230ex/image/retail/images/2020/09/21/20/5/7e05cf69-d66a-40a5-8df8-42643e2b0831.jpg,일반,2025-03-13 08:16:32
"짜파게티, 30개",24480,26100,6,https://www.coupang.com/vp/products/6215299058?itemId=13447261183&vendorItemId=84993765340&sourceType=CAMPAIGN&campaignId=82&categoryId=194176,https://thumbnail7.coupangcdn.com/thumbnails/remote/230x230ex/image/retail/images/2265797454237523-fc169766-4742-4a48-bcd1-c7e856090fbe.jpg,일반,2025-03-13 08:16:32
"웰프레쉬 블루베리 (냉동), 1.3kg, 1개",13420,13420,0,https://www.coupang.com/vp/products/265570032?itemId=832492503&vendorItemId=5119539993&sourceType=CAMPAIGN&campaignId=82&categoryId=194176,https://thumbnail10.coupangcdn.com/thumbnails/remote/230x230ex/image/retail/images/2019/07/22/14/7/f68e0905-820a-4967-abee-518ddc6b08d7.jpg,일반,2025-03-13 08:16:32
"서울우유 슈레드 모짜렐라 치즈, 1kg, 1개",14900,14900,0,https://www.coupang.com/vp/products/130515366?itemId=651682277&vendorItemId=4691954862&sourceType=CAMPAIGN&campaignId=82&categoryId=194176,https://thumbnail9.coupangcdn.com/thumbnails/remote/230x230ex/image/1025_amir_coupang_oct_80k/cc6a/09856dd2dc1a3dd6e337bc0fcb489f74b25cdf737b0275998cb67be61aaf.jpg,일반,2025-03-13 08:16:32
"가가호호 농사꾼 신동진쌀, 특등급, 10kg, 1개",27900,27900,0,https://www.coupang.com/vp/products/5570853461?itemId=8872460262&vendorItemId=85742099879&sourceType=CAMPAIGN&campaignId=82&categoryId=194176,https://thumbnail9.coupangcdn.com/thumbnails/remote/230x230ex/image/vendor_inventory/b527/0530f0350d8242342e9bac145b05db41597f5d3699853c7fafc6e47801fb.jpg,일반,2025-03-13 08:16:32
"청정원 맛술, 830ml, 2개",6540,10960,40,https://www.coupang.com/vp/products/5760586837?itemId=1097964916&vendorItemId=84993763617&sourceType=CAMPAIGN&campaignId=82&categoryId=194176,https://thumbnail9.coupangcdn.com/thumbnails/remote/230x230ex/image/retail/images/1200877458048883-76a3b5a5-555b-4e16-b590-fb0edd8d3309.jpg,일반,2025-03-13 08:16:32
"펩시 제로슈거 라임향, 355ml, 48개",30400,32400,6,https://www.coupang.com/vp/products/8563860391?itemId=17816747379&vendorItemId=86717791694&sourceType=CAMPAIGN&campaignId=82&categoryId=194176,https://thumbnail10.coupangcdn.com/thumbnails/remote/230x230ex/image/1025_amir_coupang_oct_80k/3ece/11c2b6935a2ae9be251de518b95b0b573ef3363102cb094a9e0c78d9dad1.jpg,일반,2025-03-13 08:16:32
"보르니에르 홀그레인 머스타드, 210g, 1개",5880,6180,4,https://www.coupang.com/vp/products/41491186?itemId=151055486&vendorItemId=3347601960&sourceType=CAMPAIGN&campaignId=82&categoryId=194176,https://thumbnail8.coupangcdn.com/thumbnails/remote/230x230ex/image/1025_amir_coupang_oct_80k/1a34/c7395a57b7969e92afd6ebd58d6eeeb9e70e87e5d277b59bf2eb216c3bfe.jpg,일반,2025-03-13 08:16:32
"청정원순창 초고추장, 500g, 1개",3270,5800,43,https://www.coupang.com/vp/products/6974484284?itemId=17019959259&vendorItemId=3000138402&sourceType=CAMPAIGN&campaignId=82&categoryId=194176,https://thumbnail8.coupangcdn.com/thumbnails/remote/230x230ex/image/retail/images/1770100641190615-d041a920-1c07-4217-986a-992f096a7dbd.jpg,일반,2025-03-13 08:16:32
"창억떡 부드럽고 쫄깃한 호박인절미 (냉동), 1개, 500g",10900,10900,0,https://www.coupang.com/vp/products/6912084767?itemId=16661441250&vendorItemId=83845094164&sourceType=CAMPAIGN&campaignId=82&categoryId=194176,https://thumbnail10.coupangcdn.com/thumbnails/remote/230x230ex/image/retail/images/1307630783358384-33b2001e-8846-4747-bcd9-7176e0e265f9.jpg,일반,2025-03-13 08:16:32
"풀무원다논 그릭 달지않은 플레인 요거트, 90g, 16개",10590,12960,18,https://www.coupang.com/vp/products/1261683219?itemId=19225059882&vendorItemId=86341716285&sourceType=CAMPAIGN&campaignId=82&categoryId=194176,https://thumbnail8.coupangcdn.com/thumbnails/remote/230x230ex/image/1025_amir_coupang_oct_80k/d4ad/b28018f3f1d55aa5f832fa9204c7c2dec48c0bba2eab4d15eeeb2a122277.jpg,일반,2025-03-13 08:16:32
"김해 진영 단감, 800g, 1개",4980,4980,0,https://www.coupang.com/vp/products/6107645901?itemId=11490230006&vendorItemId=78765531505&sourceType=CAMPAIGN&campaignId=82&categoryId=194176,https://thumbnail6.coupangcdn.com/thumbnails/remote/230x230ex/image/retail/images/2021/10/05/12/0/3c9be5b3-3d24-4d40-99d5-7dcdbdcc2cb7.jpg,일반,2025-03-13 08:16:32
"인우 더맛나 파김치, 1kg, 1개",10500,10500,0,https://www.coupang.com/vp/products/8176227194?itemId=23365333900&vendorItemId=90395685419&sourceType=CAMPAIGN&campaignId=82&categoryId=194176,https://thumbnail10.coupangcdn.com/thumbnails/remote/230x230ex/image/retail/images/317550294239418-a33fa45f-9591-4818-8770-ff3fbd8061c5.jpg,일반,2025-03-13 08:16:32
"풀무원 모짜렐라 핫도그 (냉동), 720g, 1개",14980,16440,8,https://www.coupang.com/vp/products/6820439614?itemId=16163725765&vendorItemId=74297385822&sourceType=CAMPAIGN&campaignId=82&categoryId=194176,https://thumbnail6.coupangcdn.com/thumbnails/remote/230x230ex/image/retail/images/715094001938108-3777ed58-7ed4-4659-b6b8-98e250a2c2e4.jpg,일반,2025-03-13 08:16:32
"오뚜기옛날 구수한 끓여먹는 누룽지, 900g, 1개",9120,10800,15,https://www.coupang.com/vp/products/7773684748?itemId=12862045273&vendorItemId=4102817760&sourceType=CAMPAIGN&campaignId=82&categoryId=194176,https://thumbnail7.coupangcdn.com/thumbnails/remote/230x230ex/image/vendor_inventory/40ce/c84fc8bbec6a08fc75bfc243621defe9eee3f72bdc2bcce3af8e7c69ce76.jpg,일반,2025-03-13 08:16:32
"다향오리 훈제오리 슬라이스, 400g, 1개",7980,9550,16,https://www.coupang.com/vp/products/166633060?itemId=451840143&vendorItemId=4119019290&sourceType=CAMPAIGN&campaignId=82&categoryId=194176,https://thumbnail9.coupangcdn.com/thumbnails/remote/230x230ex/image/retail/images/109373140069033-9dbcf41a-b3e5-4fd0-afd2-14ba882a3e73.jpg,일반,2025-03-13 08:16:32
"곰곰 미국산 레몬, 1kg, 1봉",5820,7660,24,https://www.coupang.com/vp/products/6991003444?itemId=17110275565&vendorItemId=84283960027&sourceType=CAMPAIGN&campaignId=82&categoryId=194176,https://thumbnail10.coupangcdn.com/thumbnails/remote/230x230ex/image/retail/images/4669342780985396-6fcb61f2-1088-45ab-acf0-5ddb0ddecd62.jpg,일반,2025-03-13 08:16:32
"비비드키친 저당 오리엔탈 드레싱, 210g, 1개",3980,5970,33,https://www.coupang.com/vp/products/7295510220?itemId=18656054253&vendorItemId=85790784658&sourceType=CAMPAIGN&campaignId=82&categoryId=194176,https://thumbnail7.coupangcdn.com/thumbnails/remote/230x230ex/image/retail/images/2023/04/25/17/1/395de04e-b0a5-45a0-9949-158dba888fb5.jpg,일반,2025-03-13 08:16:32
"오뚜기 토마토 케챂, 300g, 1개",1960,1980,1,https://www.coupang.com/vp/products/35267?itemId=95696&vendorItemId=3000044027&sourceType=CAMPAIGN&campaignId=82&categoryId=194176,https://thumbnail8.coupangcdn.com/thumbnails/remote/230x230ex/image/1025_amir_coupang_oct_80k/46e7/2ad6cb612a18fa9a325d14bfcb1d08943a5caac360e824d691273c27b6cc.jpg,일반,2025-03-13 08:16:40
"이클립스 페퍼민트향 캔디, 34g, 6개",9370,10920,14,https://www.coupang.com/vp/products/133033251?itemId=18039718102&vendorItemId=85129877183&sourceType=CAMPAIGN&campaignId=82&categoryId=194176,https://thumbnail7.coupangcdn.com/thumbnails/remote/230x230ex/image/retail/images/988024214455049-1cb14f6e-c5ae-4d1b-95fb-1cdc1bc20916.jpg,일반,2025-03-13 08:16:40
"투데이넛 너트한줌 요거트 견과세트 600g, 1개",16480,23200,28,https://www.coupang.com/vp/products/8548535074?itemId=24397706210&vendorItemId=3000205578&sourceType=CAMPAIGN&campaignId=82&categoryId=194176,https://thumbnail10.coupangcdn.com/thumbnails/remote/230x230ex/image/vendor_inventory/9ae7/2d1d50cac8b84d81cd70c8d01958bb0b79e604a15dfb0758b477b7d3a8c8.jpg,일반,2025-03-13 08:16:40
"고려은단 비타민C 1000 + 쇼핑백, 180정, 1개",17900,17900,0,https://www.coupang.com/vp/products/7431508110?itemId=16777795279&vendorItemId=3000235591&sourceType=CAMPAIGN&campaignId=82&categoryId=194176,https://thumbnail9.coupangcdn.com/thumbnails/remote/230x230ex/image/retail/images/3410905454467177-14bcc49b-0e5a-44c4-99ff-e5a3a3efe89b.jpg,일반,2025-03-13 08:16:40
"카누 마일드 로스트 아메리카노 미니 원두커피믹스, 0.9g, 90개입, 1개, 900mg",20690,20690,0,https://www.coupang.com/vp/products/8245789579?itemId=24631835189&vendorItemId=4326010075&sourceType=CAMPAIGN&campaignId=82&categoryId=194176,https://thumbnail8.coupangcdn.com/thumbnails/remote/230x230ex/image/vendor_inventory/6c61/27e80ff70db7825a2f389d80797dae7903f80b0e974df526c6ca2965bb3b.jpg,일반,2025-03-13 08:16:40
"오뚜기 열라면 120g, 40개",21400,31640,32,https://www.coupang.com/vp/products/6930792814?itemId=42897124&vendorItemId=3066896620&sourceType=CAMPAIGN&campaignId=82&categoryId=194176,https://thumbnail10.coupangcdn.com/thumbnails/remote/230x230ex/image/retail/images/2437720497202936-3b3e1403-d52a-4dd5-b307-ab9644491060.jpg,일반,2025-03-13 08:16:40
"콘푸로스트 시리얼, 1320g, 1개",9220,13780,33,https://www.coupang.com/vp/products/6590520242?itemId=12798512546&vendorItemId=3255714453&sourceType=CAMPAIGN&campaignId=82&categoryId=194176,https://thumbnail7.coupangcdn.com/thumbnails/remote/230x230ex/image/vendor_inventory/8e12/990e6be09751fbbac4ed7327dab0fb49185ed9131bce15849d8a48d2310d.jpg,일반,2025-03-13 08:16:40
"홀베리 1일1레몬 유기농 레몬즙, 25g, 14개",12760,13870,8,https://www.coupang.com/vp/products/8269359392?itemId=23542755675&vendorItemId=90568972926&sourceType=CAMPAIGN&campaignId=82&categoryId=194176,https://thumbnail8.coupangcdn.com/thumbnails/remote/230x230ex/image/vendor_inventory/a1a6/7a5c20a39ed98665ec4ddb7ea470ee4f88a5a8e0d632f4f2e358653a59ea.jpg,일반,2025-03-13 08:16:40
"아카페라 심플리 아메리카노 무라벨, 400ml, 20개",19270,22900,15,https://www.coupang.com/vp/products/1881067803?itemId=3196535492&vendorItemId=71183937349&sourceType=CAMPAIGN&campaignId=82&categoryId=194176,https://thumbnail10.coupangcdn.com/thumbnails/remote/230x230ex/image/vendor_inventory/2e91/e52a99048b18c447571fed0d3e7f281b36b8c8aebadcc19e87ca1dc7b3a1.jpg,일반,2025-03-13 08:16:40
"오뚜기 진라면 매운맛 120g, 20개",11380,15680,27,https://www.coupang.com/vp/products/14111627?itemId=7415946667&vendorItemId=70158552032&sourceType=CAMPAIGN&campaignId=82&categoryId=194176,https://thumbnail10.coupangcdn.com/thumbnails/remote/230x230ex/image/1025_amir_coupang_oct_80k/601f/59dcba12691d8b8c422b3ad5cdaaa830dca600d61c28d006133602328678.jpg,일반,2025-03-13 08:16:40
"곰곰 당도선별 안동사과, 1kg, 1개",8800,9750,9,https://www.coupang.com/vp/products/7742341924?itemId=20833711129&vendorItemId=87901687793&sourceType=CAMPAIGN&campaignId=82&categoryId=194176,https://thumbnail9.coupangcdn.com/thumbnails/remote/230x230ex/image/1025_amir_coupang_oct_80k/12d5/04f386e6ba51b9a4b4ffd3b4a5790eea81aceb647830c9c585f44e7b0cfe.jpg,일반,2025-03-13 08:16:40
"오리온 카스타드 12p, 288g, 2개",7150,7280,1,https://www.coupang.com/vp/products/6536499905?itemId=14537099203&vendorItemId=88115663952&sourceType=CAMPAIGN&campaignId=82&categoryId=194176,https://thumbnail9.coupangcdn.com/thumbnails/remote/230x230ex/image/1025_amir_coupang_oct_80k/c42d/0198205936af3997a48765432dfee1f61995c29138bc959ddc01995f4915.jpg,일반,2025-03-13 08:16:40
"곰곰 우유식빵, 660g, 1개",3760,3760,0,https://www.coupang.com/vp/products/1956171516?itemId=3323940470&vendorItemId=71310799287&sourceType=CAMPAIGN&campaignId=82&categoryId=194176,https://thumbnail10.coupangcdn.com/thumbnails/remote/230x230ex/image/retail/images/2106893653706499-9308af65-45d5-4e23-b3f5-72585ec37508.jpg,일반,2025-03-13 08:16:40
"해표 식용유, 1.8L, 1개",6000,8950,32,https://www.coupang.com/vp/products/487322?itemId=23741525663&vendorItemId=3000080400&sourceType=CAMPAIGN&campaignId=82&categoryId=194176,https://thumbnail6.coupangcdn.com/thumbnails/remote/230x230ex/image/retail/images/715503301055849-24d874e6-ed6f-43dd-ab6a-10137e59a34f.jpg,일반,2025-03-13 08:16:40
"필라델피아 크림치즈, 190g, 1개",4990,5490,9,https://www.coupang.com/vp/products/7319954910?itemId=18772113724&vendorItemId=85903738480&sourceType=CAMPAIGN&campaignId=82&categoryId=194176,https://thumbnail7.coupangcdn.com/thumbnails/remote/230x230ex/image/retail/images/2023/05/04/15/3/fddce505-008f-4a15-9d73-34c238169f97.jpg,일반,2025-03-13 08:16:40
"짜파게티 더 블랙 116g, 4개",4510,6252,27,https://www.coupang.com/vp/products/8059685237?itemId=22798216959&vendorItemId=89676780383&sourceType=CAMPAIGN&campaignId=82&categoryId=194176,https://thumbnail6.coupangcdn.com/thumbnails/remote/230x230ex/image/retail/images/1318001289561455-40d586ff-c560-4727-8b0a-7104cd2480fd.jpg,일반,2025-03-13 08:16:40
"곰곰 반숙란 (냉장), 20구, 1개",10590,15590,32,https://www.coupang.com/vp/products/1194639177?itemId=2177439743&vendorItemId=70175514691&pickType=COU_PICK&sourceType=CAMPAIGN&campaignId=82&categoryId=194176,https://thumbnail7.coupangcdn.com/thumbnails/remote/230x230ex/image/retail/images/534939438930219-7c8c5f55-ace6-4e29-9ec3-38c57d001936.jpg,일반,2025-03-13 08:16:40
"서울우유 더 진한 스위트 플레인 요거트, 1.8L, 1개",6960,7400,5,https://www.coupang.com/vp/products/205405474?itemId=605029864&vendorItemId=4585981717&sourceType=CAMPAIGN&campaignId=82&categoryId=194176,https://thumbnail6.coupangcdn.com/thumbnails/remote/230x230ex/image/retail/images/875023378258793-ade16606-7f66-4ec2-9f77-98e0c3f40907.jpg,일반,2025-03-13 08:16:40
"곰곰 냉동 블루베리, 1kg, 1개",10500,10500,0,https://www.coupang.com/vp/products/6627109979?itemId=933346428&vendorItemId=5313167830&sourceType=CAMPAIGN&campaignId=82&categoryId=194176,https://thumbnail7.coupangcdn.com/thumbnails/remote/230x230ex/image/retail/images/360583605618075-a6d771c2-293a-421d-9ab7-87cd3f6b738f.jpg,일반,2025-03-13 08:16:40
"소화가잘되는우유 오리지널, 190ml, 24개",18480,28800,35,https://www.coupang.com/vp/products/4866946618?itemId=6318956874&vendorItemId=3025163213&sourceType=CAMPAIGN&campaignId=82&categoryId=194176,https://thumbnail8.coupangcdn.com/thumbnails/remote/230x230ex/image/vendor_inventory/8154/4ab2b44d1a35a2c00222e7db37e7ed23db3013a2ccf266da329f16bb2352.jpg,일반,2025-03-13 08:16:40
"매일바이오 그릭요거트, 400g, 2개",6780,8380,19,https://www.coupang.com/vp/products/7216495213?itemId=18276534652&vendorItemId=85422597428&sourceType=CAMPAIGN&campaignId=82&categoryId=194176,https://thumbnail6.coupangcdn.com/thumbnails/remote/230x230ex/image/retail/images/1841832083922023-567782ac-5413-4d0b-99a2-fc78feb72996.JPG,일반,2025-03-13 08:16:40
"토레타 제로, 900ml, 12개",12840,13200,2,https://www.coupang.com/vp/products/7961386819?itemId=23171283848&vendorItemId=90406944636&sourceType=CAMPAIGN&campaignId=82&categoryId=194176,https://thumbnail7.coupangcdn.com/thumbnails/remote/230x230ex/image/retail/images/1002144469107619-a98842f2-7c72-41f8-aeeb-f72a6b7c5889.jpg,일반,2025-03-13 08:16:40
"사조 참치 살코기 안심따개, 100g, 8개",10420,10720,2,https://www.coupang.com/vp/products/6858666780?itemId=17905767321&vendorItemId=85068509611&sourceType=CAMPAIGN&campaignId=82&categoryId=194176,https://thumbnail10.coupangcdn.com/thumbnails/remote/230x230ex/image/1025_amir_coupang_oct_80k/75aa/6e662e189e030e03e1274e423b5c004e813aa1f29ef74b6d18ab58b25e5c.jpg,일반,2025-03-13 08:16:40
"햇반 흑미밥, 210g, 12개",12930,19980,35,https://www.coupang.com/vp/products/8245782294?itemId=12325728095&vendorItemId=79595756601&sourceType=CAMPAIGN&campaignId=82&categoryId=194176,https://thumbnail7.coupangcdn.com/thumbnails/remote/230x230ex/image/retail/images/3469339858750598-f1852d19-9c1a-4e08-8ffd-211337c5e4ef.png,일반,2025-03-13 08:16:40
"팔도 밥알없는 비락식혜, 175ml, 30개",9870,15000,34,https://www.coupang.com/vp/products/8337543706?itemId=24075744157&vendorItemId=3004855245&sourceType=CAMPAIGN&campaignId=82&categoryId=194176,https://thumbnail7.coupangcdn.com/thumbnails/remote/230x230ex/image/retail/images/1832747142301979-0a0798f2-435d-4759-af01-379b411b85c2.jpg,일반,2025-03-13 08:16:40
"제주삼다수 그린 무라벨, 2L, 18개",16200,19440,16,https://www.coupang.com/vp/products/7666070794?itemId=21631176833&vendorItemId=86478559177&sourceType=CAMPAIGN&campaignId=82&categoryId=194176,https://thumbnail7.coupangcdn.com/thumbnails/remote/230x230ex/image/1025_amir_coupang_oct_80k/93c3/760c991eb39425073f5e3c11b899716cece4a76fe3413f375610eae1d99d.jpg,일반,2025-03-13 08:16:40
"오뚜기 순후추, 100g, 1개",4960,6880,27,https://www.coupang.com/vp/products/8202962306?itemId=95515&vendorItemId=3000043853&sourceType=CAMPAIGN&campaignId=82&categoryId=194176,https://thumbnail10.coupangcdn.com/thumbnails/remote/230x230ex/image/vendor_inventory/8847/1b686820cdd1d25be8e2fd3087d8730e47aca7141af29732d6aa035744b1.jpg,일반,2025-03-13 08:16:40
"아카페라 심플리 디카페인 아메리카노 무라벨, 400ml, 20개",21900,22900,4,https://www.coupang.com/vp/products/7777553121?itemId=3196535478&vendorItemId=71183937356&sourceType=CAMPAIGN&campaignId=82&categoryId=194176,https://thumbnail10.coupangcdn.com/thumbnails/remote/230x230ex/image/1025_amir_coupang_oct_80k/6d75/e6bbec9b5967334d1ccbeeacb866cf8d7d2d34fa9b8f26a2475c374abb7d.jpg,일반,2025-03-13 08:16:40
"하림 닭볶음탕용 닭고기 (냉장) 2개입, 1000g, 2개",9800,16900,42,https://www.coupang.com/vp/products/1628662667?itemId=11049206816&vendorItemId=78328735918&sourceType=CAMPAIGN&campaignId=82&categoryId=194176,https://thumbnail7.coupangcdn.com/thumbnails/remote/230x230ex/image/retail/images/1832588503665780-dfbeb730-77b3-4455-a26b-fe31fc9cd40b.jpg,일반,2025-03-13 08:16:40
"설향 딸기 중과, 500g, 1팩",5180,11900,56,https://www.coupang.com/vp/products/6239222116?itemId=12584260472&vendorItemId=79852251776&sourceType=CAMPAIGN&campaignId=82&categoryId=194176,https://thumbnail7.coupangcdn.com/thumbnails/remote/230x230ex/image/retail/images/115060604773928-d16e4039-496f-49e8-863b-5af03bd38df9.jpg,일반,2025-03-13 08:16:40
"하리보 슈퍼 펀 믹스 젤리 4종 세트 44개입 649g, 1세트",9980,9980,0,https://www.coupang.com/vp/products/8424698817?itemId=24372292413&vendorItemId=91387486726&sourceType=CAMPAIGN&campaignId=82&categoryId=194176,https://thumbnail9.coupangcdn.com/thumbnails/remote/230x230ex/image/retail/images/131371226023520-b3bc9c39-8e40-45ab-afa1-6311acab91d4.jpg,일반,2025-03-13 08:16:40
"신라명과 호밀빵+, 430g, 1개",5500,6160,10,https://www.coupang.com/vp/products/8159079491?itemId=23254913943&vendorItemId=90287310491&sourceType=CAMPAIGN&campaignId=82&categoryId=194176,https://thumbnail6.coupangcdn.com/thumbnails/remote/230x230ex/image/retail/images/985469858334630-fdaa7339-3b98-4d84-b358-8d62bbf3c84b.jpg,일반,2025-03-13 08:16:40
"삼립 미니약과, 1kg, 1개",6050,8400,27,https://www.coupang.com/vp/products/8246217714?itemId=18803201450&vendorItemId=91514042193&sourceType=CAMPAIGN&campaignId=82&categoryId=194176,https://thumbnail6.coupangcdn.com/thumbnails/remote/230x230ex/image/retail/images/2024/11/22/10/5/3ef9a08a-4ab0-454a-9793-ba7f060852ec.png,일반,2025-03-13 08:16:40
"제주삼다수, 500ml, 40개",19200,19200,0,https://www.coupang.com/vp/products/8157269417?itemId=21681081184&vendorItemId=86469813544&sourceType=CAMPAIGN&campaignId=82&categoryId=194176,https://thumbnail10.coupangcdn.com/thumbnails/remote/230x230ex/image/vendor_inventory/3211/9cd7125451920a3686893ddfac163ba8bec92816d751de96db28813175f3.png,일반,2025-03-13 08:16:40
"풀무원샘물 무라벨, 2L, 24개",15170,15730,3,https://www.coupang.com/vp/products/6239512369?itemId=19911226408&vendorItemId=86494124999&sourceType=CAMPAIGN&campaignId=82&categoryId=194176,https://thumbnail7.coupangcdn.com/thumbnails/remote/230x230ex/image/retail/images/1771399873814450-13c849dc-c3f7-4003-87d8-5602b16fcfb6.jpg,일반,2025-03-13 08:16:40
"설향 딸기 대과, 500g, 2개",12550,24980,49,https://www.coupang.com/vp/products/7708594893?itemId=20974391461&vendorItemId=88039347874&sourceType=CAMPAIGN&campaignId=82&categoryId=194176,https://thumbnail7.coupangcdn.com/thumbnails/remote/230x230ex/image/retail/images/64537145620016-14eddcde-0fb6-4a7a-93e1-6c2caa04fd0b.jpg,일반,2025-03-13 08:16:40
"양반 현미밥, 130g, 24개",19900,28800,30,https://www.coupang.com/vp/products/5829376555?itemId=10083400939&vendorItemId=77366283081&sourceType=CAMPAIGN&campaignId=82&categoryId=194176,https://thumbnail10.coupangcdn.com/thumbnails/remote/230x230ex/image/1025_amir_coupang_oct_80k/8aae/49a2fb4ecf1add11cf1da3f6897bd4f731a04ff8d1e7dac3ebc6c4284dc4.jpg,일반,2025-03-13 08:16:40
"크래미 몬스터크랩 맛살, 142g, 3개",5200,5710,8,https://www.coupang.com/vp/products/280767362?itemId=891150262&vendorItemId=5242710682&sourceType=CAMPAIGN&campaignId=82&categoryId=194176,https://thumbnail9.coupangcdn.com/thumbnails/remote/230x230ex/image/1025_amir_coupang_oct_80k/fa53/d801757154912700ba95f41f0248898bb19814812c337e0fabb4e7105011.jpg,일반,2025-03-13 08:16:40
"아리당찬 100% 비파괴 당도선별 샤인머스캣, 1.5kg, 1팩",15490,15490,0,https://www.coupang.com/vp/products/7252156162?itemId=18450032495&vendorItemId=85590830972&sourceType=CAMPAIGN&campaignId=82&categoryId=194176,https://thumbnail9.coupangcdn.com/thumbnails/remote/230x230ex/image/retail/images/43105327696179-74e54741-249c-4d29-a27f-019c4eefb6e0.jpg,일반,2025-03-13 08:16:40
"안성탕면 125g, 15개",9540,10580,9,https://www.coupang.com/vp/products/96571?itemId=12312253&vendorItemId=84993760326&sourceType=CAMPAIGN&campaignId=82&categoryId=194176,https://thumbnail6.coupangcdn.com/thumbnails/remote/230x230ex/image/retail/images/709504089674156-26445599-9212-4918-8408-6a510bcbfd32.jpg,일반,2025-03-13 08:16:40
"스윗토 스테비아 대추방울토마토, 1.2kg, 1팩",14000,20900,33,https://www.coupang.com/vp/products/4744789493?itemId=6032995407&vendorItemId=73330579108&sourceType=CAMPAIGN&campaignId=82&categoryId=194176,https://thumbnail6.coupangcdn.com/thumbnails/remote/230x230ex/image/retail/images/183914823262212-06c10dab-1716-4205-9284-f05c71165d8d.jpg,일반,2025-03-13 08:16:40
"폰타나 나폴리 뽀모도로 토마토 파스타소스, 600g, 1개",4900,9620,49,https://www.coupang.com/vp/products/5717449507?itemId=25003823807&vendorItemId=89566534417&sourceType=CAMPAIGN&campaignId=82&categoryId=194176,https://thumbnail8.coupangcdn.com/thumbnails/remote/230x230ex/image/vendor_inventory/a97f/bf290b9c37e19ad8329b3f385147952ba514da00d05306c958a19944c664.jpg,일반,2025-03-13 08:16:40
"아침에주스 오렌지, 1.8L, 1개",5980,6480,7,https://www.coupang.com/vp/products/130515365?itemId=566799995&vendorItemId=4487907934&sourceType=CAMPAIGN&campaignId=82&categoryId=194176,https://thumbnail9.coupangcdn.com/thumbnails/remote/230x230ex/image/retail/images/1010906912295907-cd758dd4-fe4e-414d-aedf-6c5c8b0da12c.jpg,일반,2025-03-13 08:16:40
"마신다 먹는샘물 무라벨, 2L, 6개",4140,4600,10,https://www.coupang.com/vp/products/8284414290?itemId=23886648270&vendorItemId=90909442398&sourceType=CAMPAIGN&campaignId=82&categoryId=194176,https://thumbnail6.coupangcdn.com/thumbnails/remote/230x230ex/image/vendor_inventory/e06d/1efcbcc9b425551eb4f504e2ecef53cb4f05004a8626e04e3493d361cffe.jpg,일반,2025-03-13 08:16:40
"오뚜기 진라면 매운맛 120g, 40개",22300,31640,29,https://www.coupang.com/vp/products/14111627?itemId=19421767892&vendorItemId=3054076262&sourceType=CAMPAIGN&campaignId=82&categoryId=194176,https://thumbnail7.coupangcdn.com/thumbnails/remote/230x230ex/image/1025_amir_coupang_oct_80k/b846/34b6eb04558945d2c3a588d366a15b0fa21eb9df20960e517ec1c848950e.jpg,일반,2025-03-13 08:16:40
"이롬 황성주 박사의 국산콩 두유 검은콩 고칼슘, 190ml, 24개",13630,26900,49,https://www.coupang.com/vp/products/5116596401?itemId=10833917555&vendorItemId=3000036302&sourceType=CAMPAIGN&campaignId=82&categoryId=194176,https://thumbnail8.coupangcdn.com/thumbnails/remote/230x230ex/image/retail/images/987509855075173-a3c1f02a-3470-4f9d-9418-98b35007678c.jpg,일반,2025-03-13 08:16:40
"동원샘물 무라벨, 500ml, 40개",8740,8960,2,https://www.coupang.com/vp/products/7869554357?itemId=20712593790&vendorItemId=86493937613&sourceType=CAMPAIGN&campaignId=82&categoryId=194176,https://thumbnail9.coupangcdn.com/thumbnails/remote/230x230ex/image/1025_amir_coupang_oct_80k/990f/a14659d2b3a4b713060e04091f7773affe2a65141d3bc7ba170bc201716e.jpg,일반,2025-03-13 08:16:40
"탐사수 무라벨, 2L, 36개",16800,29940,43,https://www.coupang.com/vp/products/5625704601?itemId=19013169354&vendorItemId=86137789886&sourceType=CAMPAIGN&campaignId=82&categoryId=194176,https://thumbnail6.coupangcdn.com/thumbnails/remote/230x230ex/image/1025_amir_coupang_oct_80k/b000/c22ae7305fba399cf0b4801211327dc23194a9842cd0fb7e2158fb1ded8b.jpg,일반,2025-03-13 08:16:40
"상하목장 유기농 우유, 125ml, 24개",19100,28080,31,https://www.coupang.com/vp/products/119465439?itemId=17708983309&vendorItemId=3000244424&sourceType=CAMPAIGN&campaignId=82&categoryId=194176,https://thumbnail7.coupangcdn.com/thumbnails/remote/230x230ex/image/1025_amir_coupang_oct_80k/719f/591fd785786e18629add453fb4384b9a61db3a620f26e238860a9a649696.jpg,일반,2025-03-13 08:16:40
"블루다이아몬드 아몬드 브리즈 언스위트, 190ml, 24개",15900,26400,39,https://www.coupang.com/vp/products/329389373?itemId=15581584012&vendorItemId=3006697064&sourceType=CAMPAIGN&campaignId=82&categoryId=194176,https://thumbnail9.coupangcdn.com/thumbnails/remote/230x230ex/image/retail/images/67929214316967-2b6515cf-bac7-44e7-a56e-5e7d95a51efa.jpg,일반,2025-03-13 08:16:40
"펩시 제로 슈거 라임향, 500ml, 6개",6210,6770,8,https://www.coupang.com/vp/products/8595936464?itemId=21698520246&vendorItemId=81009285855&sourceType=CAMPAIGN&campaignId=82&categoryId=194176,https://thumbnail6.coupangcdn.com/thumbnails/remote/230x230ex/image/retail/images/1050656651273902-5f991ca7-6c60-438f-b07b-8d1cd570accb.jpg,일반,2025-03-13 08:16:40
"매일우유 오리지널, 200ml, 24개",15500,19900,22,https://www.coupang.com/vp/products/4708084849?itemId=4358863&vendorItemId=91899109084&sourceType=CAMPAIGN&campaignId=82&categoryId=194176,https://thumbnail10.coupangcdn.com/thumbnails/remote/230x230ex/image/retail/images/2025/02/07/14/6/a527377d-796c-48c5-909f-b38b2b23f21b.jpg,일반,2025-03-13 08:16:40
